"count","first_name","last_name","id"
45,"Eleanor","Hunt",148
42,"Karl","Seal",526
40,"Clara","Shaw",144
39,"Marion","Snyder",178
39,"Tammy","Sanders",75
39,"Marcia","Dean",236
38,"Curtis","Irby",410
38,"Rhonda","Kennedy",137
37,"Tommy","Collazo",459
36,"Brandon","Huey",366
35,"Wesley","Bull",469
35,"Elizabeth","Brown",5
35,"Angela","Hernandez",29
35,"Russell","Brinson",380
34,"Tim","Cary",468
34,"Lois","Butler",91
34,"Roger","Quintanilla",348
34,"Carrie","Porter",129
34,"Melissa","King",30
34,"Marsha","Douglas",257
34,"Louis","Leone",373
34,"Martha","Gonzalez",38
33,"Justin","Ngo",354
33,"Mike","Way",403
33,"Janice","Ward",66
33,"Alexander","Fennell",439
33,"Margie","Wade",267
33,"Ana","Bradley",181
33,"Stacey","Montgomery",211
32,"Heidi","Larson",241
32,"Regina","Berry",168
32,"Jacqueline","Long",86
32,"Hazel","Warren",138
32,"Casey","Mena",566
32,"Bobby","Boudreau",381
32,"Alex","Gresham",454
32,"Elsie","Kelley",198
32,"Harold","Martino",342
32,"Michelle","Clark",21
32,"Arnold","Havens",522
32,"Helen","Harris",15
32,"Morris","Mccarter",576
32,"Ralph","Madrigal",360
32,"Steve","Mackenzie",372
32,"June","Carroll",176
32,"Sue","Peters",197
32,"Joanne","Robertson",147
32,"Jessica","Hall",26
31,"Shawn","Heaton",390
31,"Sherry","Marshall",119
31,"Neil","Renner",532
31,"Tanya","Gilbert",237
31,"Harry","Arce",368
31,"Mitchell","Westmoreland",520
31,"Joy","George",230
31,"Rosemary","Schmidt",204
31,"Nicholas","Barfield",362
31,"Alma","Austin",196
31,"Debbie","Reyes",141
31,"Lori","Wood",78
31,"Ethel","Webb",125
31,"Catherine","Campbell",46
31,"Jorge","Olivares",473
31,"Gordon","Allard",470
31,"Guy","Brownlee",550
31,"Warren","Sherrod",462
31,"Nathan","Runyon",406
30,"Judith","Cox",64
30,"Grace","Ellis",114
30,"Alice","Stewart",51
30,"Ryan","Salisbury",347
30,"Barry","Lovelace",438
30,"Virginia","Green",35
30,"Mary","Smith",1
30,"Brett","Cornwell",502
30,"Jessie","Milam",533
30,"Maxine","Silva",254
30,"Marjorie","Tucker",128
30,"Shirley","Allen",27
30,"Bernice","Willis",172
30,"Veronica","Stone",158
30,"Arthur","Simpkins",346
30,"Christy","Vargas",260
30,"Cynthia","Young",28
30,"Lena","Jensen",259
30,"Marilyn","Ross",80
30,"Jeff","East",418
30,"Ramon","Choate",494
30,"Crystal","Ford",102
30,"Viola","Hanson",244
30,"Jim","Rea",451
30,"Ella","Oliver",210
30,"Diane","Collins",50
30,"Sylvia","Ortiz",120
30,"Thelma","Murray",122
30,"Leonard","Schofield",405
30,"Sara","Perry",84
30,"Duane","Tubbs",513
29,"Kyle","Spurlock",424
29,"Holly","Fox",186
29,"Carolyn","Perez",42
29,"Stanley","Scroggins",404
29,"Gladys","Hamilton",103
29,"Billy","Poulin",371
29,"Terrance","Roush",592
29,"George","Linton",314
29,"Gerald","Fultz",356
29,"Philip","Causey",393
29,"Leroy","Bustamante",442
29,"Marc","Outlaw",499
29,"Jordan","Archuleta",560
29,"Tom","Milner",452
29,"Tonya","Chapman",209
29,"Darlene","Rose",157
29,"Debra","Nelson",39
29,"Zachary","Hite",479
29,"Terrence","Gunderson",595
29,"Glenda","Frazier",242
29,"Lawrence","Lawton",361
29,"Sally","Pierce",167
29,"Julia","Flores",89
29,"Cathy","Spencer",163
28,"Clyde","Tobias",485
28,"Marcus","Hidalgo",444
28,"Esther","Crawford",132
28,"Erik","Guillen",529
28,"Minnie","Romero",239
28,"Gertrude","Castillo",207
28,"Joe","Gilliland",349
28,"Charles","Kowalski",306
28,"Jimmie","Eggleston",558
28,"Alvin","Deloach",467
28,"Everett","Banda",559
28,"Jennie","Terry",265
28,"Ruby","Washington",90
28,"Daisy","Bates",295
28,"Javier","Elrod",535
28,"Jimmy","Schrader",397
28,"Julie","Sanchez",52
28,"Florence","Woods",107
28,"Wanda","Patterson",87
28,"Roy","Whiting",363
28,"Herman","Devore",481
28,"Tracy","Cole",108
28,"Craig","Morrell",388
28,"Priscilla","Lowe",273
28,"Theodore","Culp",446
28,"Juanita","Mason",135
28,"Angel","Barclay",503
28,"Rosa","Reynolds",112
28,"Kathy","James",71
28,"Maria","Miller",7
28,"Jeffery","Pinson",416
28,"Todd","Tan",386
28,"Leslie","Seward",506
28,"Byron","Box",573
27,"Diana","Alexander",96
27,"Erin","Dunn",160
27,"Salvador","Teel",584
27,"Bessie","Morrison",221
27,"Amber","Dixon",139
27,"Monica","Hicks",131
27,"Michele","Grant",154
27,"Clifford","Bowens",447
27,"Gina","Williamson",213
27,"Deborah","Walker",25
27,"Karen","Jackson",13
27,"Jaime","Nettles",565
27,"Cindy","Fisher",113
27,"Manuel","Murrell",408
27,"Dave","Gardiner",569
27,"Gilbert","Sledge",497
27,"Patsy","Davidson",262
27,"Hilda","Hopkins",263
27,"Naomi","Jennings",274
27,"Jamie","Rice",146
27,"Ted","Breaux",538
27,"Audrey","Ray",173
27,"Derek","Blakely",461
27,"Lynn","Payne",166
27,"Brittany","Riley",187
27,"Mario","Cheatham",441
27,"Ken","Prewitt",563
27,"Daryl","Larue",579
27,"Miguel","Betancourt",448
27,"Marion","Ocampo",588
27,"Troy","Quigley",436
27,"Terri","Vasquez",206
27,"Kent","Arsenault",591
27,"Wendy","Harrison",115
27,"Julian","Vest",574
27,"Lucille","Holmes",145
27,"Sharon","Robinson",20
27,"Bill","Gavin",457
27,"Randy","Gaither",376
27,"Sarah","Lewis",23
27,"Roberto","Vu",484
27,"Theresa","Watson",72
26,"Bradley","Motley",426
26,"Maurice","Crawley",482
26,"Ross","Grey",580
26,"Terry","Carlson",253
26,"Gloria","Cook",56
26,"Hector","Poindexter",487
26,"Howard","Fortner",377
26,"Victoria","Gibson",116
26,"Alfred","Casillas",423
26,"John","Farnsworth",300
26,"Brenda","Wright",31
26,"Cecil","Vines",512
26,"Clifton","Malcolm",577
26,"Jeanne","Lawson",200
26,"Teresa","Rogers",54
26,"Eddie","Tomlin",434
26,"Earl","Shanks",396
26,"Andre","Rapp",515
26,"Evelyn","Morgan",57
26,"Nancy","Thomas",12
26,"Dale","Ratcliff",407
26,"Dana","Hart",179
26,"Michael","Silverman",302
26,"Carla","Gutierrez",202
26,"Courtney","Day",245
26,"Amanda","Carter",40
26,"Denise","Kelly",74
26,"Janet","Phillips",45
26,"Dean","Sauer",471
26,"Kristin","Johnston",214
26,"Sherri","Rhodes",297
26,"Tina","Simmons",92
26,"Greg","Robins",472
26,"Stephen","Qualls",332
26,"Nora","Herrera",266
26,"Amy","Lopez",32
26,"Patricia","Johnson",2
25,"Virgil","Wofford",581
25,"Willie","Howell",219
25,"Melanie","Armstrong",188
25,"Vickie","Brewer",251
25,"Carole","Barnett",275
25,"Ian","Still",561
25,"Raymond","Mcwhorter",334
25,"Alan","Kahn",389
25,"Claudia","Fuller",234
25,"Sandra","Martin",16
25,"Jennifer","Davis",6
25,"Jay","Robb",450
25,"Christopher","Greco",309
25,"Charlene","Alvarez",220
25,"Josephine","Gomez",121
25,"Martin","Bales",383
25,"Melvin","Ellington",422
25,"Dustin","Gillette",474
25,"Stephanie","Mitchell",41
25,"Megan","Palmer",151
25,"Carmen","Owens",111
25,"Ashley","Richardson",63
25,"Pauline","Henry",133
25,"Gabriel","Harder",518
25,"Nathaniel","Adam",504
25,"Matthew","Mahan",323
25,"Ellen","Simpson",126
25,"Mabel","Holland",256
25,"Gwendolyn","May",264
25,"Lucy","Wheeler",208
25,"Jeremy","Hurtado",374
25,"Clarence","Gamez",391
25,"Allison","Stanley",228
25,"Dolores","Wagner",171
25,"Reginald","Kinder",500
25,"Tamara","Nguyen",229
25,"Yolanda","Weaver",190
25,"Rick","Mattox",491
25,"Valerie","Black",149
25,"Kathleen","Adams",36
25,"Francis","Sikes",425
25,"Ivan","Cromwell",570
25,"Lee","Hawks",421
25,"Tracy","Herrmann",589
24,"Joyce","Edwards",49
24,"Charlie","Bess",495
24,"Clinton","Buford",537
24,"Renee","Lane",182
24,"Elmer","Noe",516
24,"Brad","Mccurdy",517
24,"Kelly","Knott",546
24,"Bryan","Hardison",400
24,"Sidney","Burleson",572
24,"Norman","Currier",411
24,"Annette","Olson",175
24,"Ronnie","Ricketts",456
24,"Geraldine","Perkins",161
24,"Suzanne","Nichols",153
24,"Phillip","Holm",385
24,"Darrell","Power",463
24,"Jean","Bell",58
24,"Cheryl","Murphy",59
24,"Arlene","Harvey",225
24,"Beth","Franklin",199
24,"Lillian","Griffin",98
24,"Heather","Morris",53
24,"Rebecca","Scott",34
24,"Kathryn","Coleman",82
24,"Cory","Meehan",527
24,"Jessie","Banks",215
24,"Jerry","Jordon",337
24,"Myrtle","Fleming",258
24,"Rene","Mcalister",593
24,"Tyrone","Asher",540
24,"Dianne","Shelton",279
24,"Sergio","Stanfield",587
24,"Violet","Rodriquez",289
24,"Linda","Williams",3
24,"Velma","Lucas",286
24,"Isaac","Oglesby",575
24,"Seth","Hannon",590
24,"Gail","Knight",155
24,"Perry","Swafford",585
24,"Micheal","Forman",445
24,"Gene","Sanborn",498
24,"Walter","Perryman",339
24,"Dorothy","Taylor",10
24,"Olga","Jimenez",277
24,"Chad","Carbone",419
24,"Andy","Vanhorn",582
24,"Edward","Baugh",317
23,"Max","Pitt",553
23,"Bertha","Ferguson",156
23,"Roland","South",521
23,"Brandy","Graves",276
23,"Susan","Wilson",8
23,"Samantha","Duncan",177
23,"Patrick","Newsom",340
23,"April","Burns",142
23,"Georgia","Jacobs",231
23,"Ben","Easter",510
23,"Don","Bone",433
23,"Judy","Gray",69
23,"Jesus","Mccartney",427
23,"Miriam","Mckinney",285
23,"Emily","Diaz",99
23,"Lisa","Anderson",11
23,"Peggy","Myers",101
23,"Keith","Rico",357
23,"Betty","White",14
23,"Ramona","Hale",296
23,"Fernando","Churchill",536
23,"Frank","Waggoner",329
23,"Tracey","Barrett",280
23,"Ricky","Shelby",435
23,"Lydia","Burke",243
23,"Marlene","Welch",240
23,"Glen","Talbert",486
23,"Beatrice","Arnold",170
23,"Constance","Reid",232
23,"Eduardo","Hiatt",594
23,"Milton","Howland",508
23,"Shannon","Freeman",123
23,"Douglas","Graf",343
23,"Lillie","Kim",233
23,"Calvin","Martel",453
23,"Jamie","Waugh",531
23,"Jack","Foust",351
23,"Jane","Bennett",77
23,"Freddie","Duggan",597
23,"Kimberly","Lee",24
23,"Felicia","Sutton",283
23,"Vincent","Ralston",414
23,"Marshall","Thorn",583
23,"Robin","Hayes",100
23,"Shelly","Watts",294
23,"Edgar","Rhoads",507
23,"Katie","Elliott",193
23,"Jackie","Lynch",235
23,"Sean","Douglass",392
22,"Danielle","Daniels",150
22,"Louise","Jenkins",83
22,"Jesse","Schilling",387
22,"Felix","Gaffney",557
22,"Deanna","Byrd",261
22,"Glenn","Pullen",415
22,"Sonia","Gregory",284
22,"Ron","Deluca",519
22,"Benjamin","Varney",364
22,"Christian","Jung",534
22,"Darren","Windham",541
22,"Laurie","Lawrence",192
22,"Peter","Menard",341
22,"Travis","Estep",417
22,"Chester","Benner",511
22,"Vicki","Fields",201
22,"Gary","Coy",324
22,"Beverly","Brooks",73
22,"Becky","Miles",287
22,"Christine","Roberts",43
22,"Leo","Ebert",466
22,"Misty","Lambert",292
22,"Sam","Mcduffie",490
22,"Rodney","Moeller",409
22,"Willie","Markham",359
22,"Bob","Pfeiffer",564
22,"Wallace","Slone",562
22,"Jon","Wiles",455
22,"Albert","Crouse",352
22,"Stacy","Cunningham",180
22,"Joel","Francisco",431
22,"Shane","Millard",488
22,"Mildred","Bailey",60
22,"Enrique","Forsythe",596
22,"Victor","Barkley",382
22,"Johnnie","Chisholm",571
22,"Charlotte","Hunter",130
22,"Elaine","Stevens",127
22,"Joshua","Mark",336
22,"Rita","Graham",104
22,"Natalie","Meyer",216
22,"Nicole","Peterson",68
22,"Ida","Andrews",183
22,"Barbara","Jones",4
22,"Brent","Harkins",493
22,"Pearl","Garza",224
22,"Eric","Robert",331
22,"Gregory","Mauldin",335
22,"Andrew","Purdy",333
22,"Dawn","Sullivan",105
22,"Kristina","Chambers",290
22,"Colleen","Burton",227
22,"Wade","Delvalle",598
22,"Pedro","Chestnut",475
22,"Darryl","Ashcraft",530
21,"Carl","Artis",345
21,"Bruce","Schwarz",365
21,"Joan","Cooper",62
21,"Agnes","Bishop",217
21,"Alberto","Henning",568
21,"Ronald","Weiner",319
21,"Dan","Paine",477
21,"Connie","Wallace",106
21,"Franklin","Troutman",514
21,"Cassandra","Walters",269
21,"Andrea","Henderson",81
21,"Francisco","Skidmore",443
21,"Carlos","Coughlin",379
21,"Nina","Soto",268
21,"Erika","Pena",298
21,"Juan","Fraley",350
21,"Leon","Bostic",460
21,"Willard","Lumpkin",578
21,"Mae","Fletcher",293
21,"Billie","Horton",278
21,"Pamela","Baker",37
21,"Marie","Turner",44
21,"Ernest","Stepp",384
21,"Loretta","Carpenter",189
21,"Maureen","Little",226
21,"Fred","Wheat",369
21,"James","Gannon",299
21,"Bernard","Colby",440
21,"Clayton","Barbee",551
21,"Irene","Price",76
21,"Anne","Powell",85
20,"Alfredo","Mcadams",567
20,"Adam","Gooch",367
20,"Phyllis","Foster",93
20,"Derrick","Bourque",476
20,"Chris","Brothers",394
20,"Samuel","Marlow",358
20,"Anna","Hill",33
20,"Aaron","Selby",375
20,"Edwin","Burk",432
20,"Hugh","Waldrop",552
20,"Kim","Cruz",118
20,"Roberta","Harper",185
20,"Bonnie","Hughes",88
20,"Jacob","Lance",420
20,"Claude","Herzog",528
20,"Cody","Nolen",544
20,"Mark","Rinehart",312
20,"Dwayne","Olvera",554
20,"Ray","Houle",430
20,"Wilma","Richards",212
20,"Harvey","Guajardo",523
20,"Leslie","Gordon",143
20,"Margaret","Moore",9
20,"Kelly","Torres",67
20,"Lance","Pemberton",543
20,"Vivian","Ruiz",184
20,"Erica","Matthews",169
20,"Joseph","Joy",307
20,"Kurt","Emmons",547
20,"Jenny","Castro",282
20,"Mattie","Hoffman",252
20,"Mathew","Bolin",539
20,"Rose","Howard",65
20,"Randall","Neumann",437
20,"Richard","Mccrary",305
20,"Dennis","Gilman",338
20,"Lorraine","Stephens",165
19,"Doris","Reed",55
19,"Nellie","Garrett",238
19,"Lewis","Lyman",478
19,"Stella","Moreno",247
19,"Wayne","Truong",370
19,"Julio","Noland",545
19,"William","Satterfield",303
19,"Carol","Garcia",18
19,"Yvonne","Watkins",174
19,"Lloyd","Dowd",458
19,"Bobbie","Craig",288
19,"Thomas","Grigsby",308
19,"Tara","Ryan",203
19,"Johnny","Turpin",395
19,"Tony","Carranza",401
19,"Steven","Curley",316
19,"Marvin","Yee",413
19,"Vanessa","Sims",195
19,"Rachel","Barnes",79
19,"Luis","Yanez",402
19,"Ricardo","Meador",489
19,"Corey","Hauser",480
19,"Leah","Curtis",270
19,"Frances","Parker",47
19,"Larry","Thrasher",327
19,"Emma","Boyd",134
19,"Ruben","Geary",501
19,"Rafael","Abney",505
19,"Norma","Gonzales",94
19,"David","Royal",304
19,"Dora","Medina",249
19,"Herbert","Kruger",428
19,"Edna","West",109
19,"Laura","Rodriguez",22
19,"Jason","Morrissey",322
19,"Alicia","Mills",152
19,"Tyler","Wren",496
19,"Terry","Grissom",355
18,"Timothy","Bunn",325
18,"Marian","Mendoza",246
18,"Austin","Cintron",599
18,"Jeanette","Greene",191
18,"Danny","Isom",399
18,"Adrian","Clary",525
18,"Eva","Ramos",140
18,"Raul","Fortier",509
18,"Scott","Shelley",330
18,"Annie","Russell",97
18,"Vera","Mccoy",218
18,"Donna","Thompson",17
18,"Armando","Gruber",556
18,"Jose","Andrew",326
18,"Eugene","Culpepper",378
18,"Irma","Pearson",255
18,"Eileen","Carr",205
18,"Ruth","Martinez",19
17,"Jared","Ely",524
17,"Vernon","Chapa",483
17,"Jonathan","Scarborough",353
17,"Allen","Butterfield",412
17,"Jeffrey","Spear",328
17,"Toni","Holt",291
17,"Kirk","Stclair",586
17,"Paula","Bryant",95
17,"Edith","Mcdonald",117
17,"Jill","Hawkins",159
17,"Christina","Ramirez",70
17,"Kevin","Schuler",321
17,"Oscar","Aquino",449
17,"Lauren","Hudson",162
17,"Dwight","Lombardi",555
16,"Nelson","Christenson",549
16,"Penny","Neal",271
16,"Allan","Cornish",548
16,"Kristen","Chavez",194
16,"Delores","Hansen",222
16,"Lonnie","Tirado",542
16,"Henry","Billingsley",344
16,"Floyd","Gandy",465
16,"Melinda","Fernandez",223
16,"Frederick","Isbell",429
16,"Donald","Mahon",313
15,"Joann","Gardner",164
15,"Lester","Kraus",492
15,"Antonio","Meek",398
15,"Jo","Fowler",250
15,"Robert","Baughman",301
15,"Paul","Trout",311
15,"Anthony","Schwab",320
14,"Anita","Morales",136
14,"Sheila","Wells",124
14,"Ann","Evans",48
14,"Jerome","Kenyon",464
14,"Kenneth","Gooden",315
13,"Katherine","Rivera",61
13,"Caroline","Bowman",248
13,"Daniel","Cabral",310
13,"Kay","Caldwell",272
12,"Tiffany","Jordan",110
10,"Leona","Obrien",281
7,"Brian","Wyman",318
