"film_id","title","description","release_year","language_id","rental_duration","rental_rate","length","replacement_cost","rating","last_update","special_features","fulltext"
817,"Soldiers Evolution","A Lacklusture Panorama of a A Shark And a Pioneer who must Confront a Student in The First Manned Space Station",2006,1,7,4.99,185,27.99,"R","2013-05-26 14:50:58.951","{Trailers,Commentaries,""Deleted Scenes"",""Behind the Scenes""}","'confront':15 'evolut':2 'first':20 'lacklustur':4 'man':21 'must':14 'panorama':5 'pioneer':12 'shark':9 'soldier':1 'space':22 'station':23 'student':17"
821,"Sorority Queen","A Fast-Paced Display of a Squirrel And a Composer who must Fight a Forensic Psychologist in A Jet Boat",2006,1,6,0.99,184,17.99,"NC-17","2013-05-26 14:50:58.951","{Trailers,""Deleted Scenes""}","'boat':23 'compos':13 'display':7 'fast':5 'fast-pac':4 'fight':16 'forens':18 'jet':22 'must':15 'pace':6 'psychologist':19 'queen':2 'soror':1 'squirrel':10"
499,"King Evolution","A Action-Packed Tale of a Boy And a Lumberjack who must Chase a Madman in A Baloon",2006,1,3,4.99,184,24.99,"NC-17","2013-05-26 14:50:58.951","{Trailers,""Deleted Scenes"",""Behind the Scenes""}","'action':5 'action-pack':4 'baloon':21 'boy':10 'chase':16 'evolut':2 'king':1 'lumberjack':13 'madman':18 'must':15 'pack':6 'tale':7"
340,"Frontier Cabin","A Emotional Story of a Madman And a Waitress who must Battle a Teacher in An Abandoned Fun House",2006,1,6,4.99,183,14.99,"PG-13","2013-05-26 14:50:58.951","{Commentaries,""Deleted Scenes""}","'abandon':19 'battl':14 'cabin':2 'emot':4 'frontier':1 'fun':20 'hous':21 'madman':8 'must':13 'stori':5 'teacher':16 'waitress':11"
973,"Wife Turn","A Awe-Inspiring Epistle of a Teacher And a Feminist who must Confront a Pioneer in Ancient Japan",2006,1,3,4.99,183,27.99,"NC-17","2013-05-26 14:50:58.951","{""Deleted Scenes"",""Behind the Scenes""}","'ancient':20 'awe':5 'awe-inspir':4 'confront':16 'epistl':7 'feminist':13 'inspir':6 'japan':21 'must':15 'pioneer':18 'teacher':10 'turn':2 'wife':1"
