"customer_id","store_id","first_name","last_name","email","address_id","activebool","create_date","last_update","active"
28,1,"Cynthia","Young","cynthia.young@sakilacustomer.org",32,True,"2006-02-14","2013-05-26 14:49:45.738",1
402,1,"Luis","Yanez","luis.yanez@sakilacustomer.org",407,True,"2006-02-14","2013-05-26 14:49:45.738",1
318,1,"Brian","Wyman","brian.wyman@sakilacustomer.org",323,True,"2006-02-14","2013-05-26 14:49:45.738",1
107,1,"Florence","Woods","florence.woods@sakilacustomer.org",111,True,"2006-02-14","2013-05-26 14:49:45.738",1
