"film_id","title","description","release_year","language_id","rental_duration","rental_rate","length","replacement_cost","rating","last_update","special_features","fulltext"
481,"Jekyll Frogmen","A Fanciful Epistle of a Student And a Astronaut who must Kill a Waitress in A Shark Tank",2006,1,4,2.99,58,22.99,"PG","2013-05-26 14:50:58.951","{Commentaries,""Deleted Scenes"",""Behind the Scenes""}","'astronaut':11 'epistl':5 'fanci':4 'frogmen':2 'jekyl':1 'kill':14 'must':13 'shark':19 'student':8 'tank':20 'waitress':16"
214,"Daughter Madigan","A Beautiful Tale of a Hunter And a Mad Scientist who must Confront a Squirrel in The First Manned Space Station",2006,1,3,4.99,59,13.99,"PG-13","2013-05-26 14:50:58.951","{Trailers}","'beauti':4 'confront':15 'daughter':1 'first':20 'hunter':8 'mad':11 'madigan':2 'man':21 'must':14 'scientist':12 'space':22 'squirrel':17 'station':23 'tale':5"
743,"Room Roman","A Awe-Inspiring Panorama of a Composer And a Secret Agent who must Sink a Composer in A Shark Tank",2006,1,7,0.99,60,27.99,"PG","2013-05-26 14:50:58.951","{Trailers,""Deleted Scenes"",""Behind the Scenes""}","'agent':14 'awe':5 'awe-inspir':4 'compos':10,19 'inspir':6 'must':16 'panorama':7 'roman':2 'room':1 'secret':13 'shark':22 'sink':17 'tank':23"
114,"Camelot Vacation","A Touching Character Study of a Woman And a Waitress who must Battle a Pastry Chef in A MySQL Convention",2006,1,3,0.99,61,26.99,"NC-17","2013-05-26 14:50:58.951","{Trailers,Commentaries,""Deleted Scenes"",""Behind the Scenes""}","'battl':15 'camelot':1 'charact':5 'chef':18 'convent':22 'must':14 'mysql':21 'pastri':17 'studi':6 'touch':4 'vacat':2 'waitress':12 'woman':9"
77,"Birds Perdition","A Boring Story of a Womanizer And a Pioneer who must Face a Dog in California",2006,1,5,4.99,61,15.99,"G","2013-05-26 14:50:58.951","{Trailers,""Behind the Scenes""}","'bird':1 'bore':4 'california':18 'dog':16 'face':14 'must':13 'perdit':2 'pioneer':11 'stori':5 'woman':8"
