"film_id","title","description","release_year","language_id","rental_duration","rental_rate","length","replacement_cost","rating","last_update","special_features","fulltext"
133,"Chamber Italian","A Fateful Reflection of a Moose And a Husband who must Overcome a Monkey in Nigeria",2006,1,7,4.99,117,14.99,"NC-17","2013-05-26 14:50:58.951","{Trailers}","'chamber':1 'fate':4 'husband':11 'italian':2 'monkey':16 'moos':8 'must':13 'nigeria':18 'overcom':14 'reflect':5"
8,"Airport Pollock","A Epic Tale of a Moose And a Girl who must Confront a Monkey in Ancient India",2006,1,6,4.99,54,15.99,"R","2013-05-26 14:50:58.951","{Trailers}","'airport':1 'ancient':18 'confront':14 'epic':4 'girl':11 'india':19 'monkey':16 'moos':8 'must':13 'pollock':2 'tale':5"
98,"Bright Encounters","A Fateful Yarn of a Lumberjack And a Feminist who must Conquer a Student in A Jet Boat",2006,1,4,4.99,73,12.99,"PG-13","2013-05-26 14:50:58.951","{Trailers}","'boat':20 'bright':1 'conquer':14 'encount':2 'fate':4 'feminist':11 'jet':19 'lumberjack':8 'must':13 'student':16 'yarn':5"
2,"Ace Goldfinger","A Astounding Epistle of a Database Administrator And a Explorer who must Find a Car in Ancient China",2006,1,3,4.99,48,12.99,"G","2013-05-26 14:50:58.951","{Trailers,""Deleted Scenes""}","'ace':1 'administr':9 'ancient':19 'astound':4 'car':17 'china':20 'databas':8 'epistl':5 'explor':12 'find':15 'goldfing':2 'must':14"
11,"Alamo Videotape","A Boring Epistle of a Butler And a Cat who must Fight a Pastry Chef in A MySQL Convention",2006,1,6,0.99,126,16.99,"G","2013-05-26 14:50:58.951","{Commentaries,""Behind the Scenes""}","'alamo':1 'bore':4 'butler':8 'cat':11 'chef':17 'convent':21 'epistl':5 'fight':14 'must':13 'mysql':20 'pastri':16 'videotap':2"
17,"Alone Trip","A Fast-Paced Character Study of a Composer And a Dog who must Outgun a Boat in An Abandoned Fun House",2006,1,3,0.99,82,14.99,"R","2013-05-26 14:50:58.951","{Trailers,""Behind the Scenes""}","'abandon':22 'alon':1 'boat':19 'charact':7 'compos':11 'dog':14 'fast':5 'fast-pac':4 'fun':23 'hous':24 'must':16 'outgun':17 'pace':6 'studi':8 'trip':2"
25,"Angels Life","A Thoughtful Display of a Woman And a Astronaut who must Battle a Robot in Berlin",2006,1,3,2.99,74,15.99,"G","2013-05-26 14:50:58.951","{Trailers}","'angel':1 'astronaut':11 'battl':14 'berlin':18 'display':5 'life':2 'must':13 'robot':16 'thought':4 'woman':8"
26,"Annie Identity","A Amazing Panorama of a Pastry Chef And a Boat who must Escape a Woman in An Abandoned Amusement Park",2006,1,3,0.99,86,15.99,"G","2013-05-26 14:50:58.951","{Commentaries,""Deleted Scenes""}","'abandon':20 'amaz':4 'amus':21 'anni':1 'boat':12 'chef':9 'escap':15 'ident':2 'must':14 'panorama':5 'park':22 'pastri':8 'woman':17"
27,"Anonymous Human","A Amazing Reflection of a Database Administrator And a Astronaut who must Outrace a Database Administrator in A Shark Tank",2006,1,7,0.99,179,12.99,"NC-17","2013-05-26 14:50:58.951","{""Deleted Scenes"",""Behind the Scenes""}","'administr':9,18 'amaz':4 'anonym':1 'astronaut':12 'databas':8,17 'human':2 'must':14 'outrac':15 'reflect':5 'shark':21 'tank':22"
28,"Anthem Luke","A Touching Panorama of a Waitress And a Woman who must Outrace a Dog in An Abandoned Amusement Park",2006,1,5,4.99,91,16.99,"PG-13","2013-05-26 14:50:58.951","{""Deleted Scenes"",""Behind the Scenes""}","'abandon':19 'amus':20 'anthem':1 'dog':16 'luke':2 'must':13 'outrac':14 'panorama':5 'park':21 'touch':4 'waitress':8 'woman':11"
31,"Apache Divine","A Awe-Inspiring Reflection of a Pastry Chef And a Teacher who must Overcome a Sumo Wrestler in A U-Boat",2006,1,5,4.99,92,16.99,"NC-17","2013-05-26 14:50:58.951","{Commentaries,""Deleted Scenes"",""Behind the Scenes""}","'apach':1 'awe':5 'awe-inspir':4 'boat':25 'chef':11 'divin':2 'inspir':6 'must':16 'overcom':17 'pastri':10 'reflect':7 'sumo':19 'teacher':14 'u':24 'u-boat':23 'wrestler':20"
33,"Apollo Teen","A Action-Packed Reflection of a Crocodile And a Explorer who must Find a Sumo Wrestler in An Abandoned Mine Shaft",2006,1,5,2.99,153,15.99,"PG-13","2013-05-26 14:50:58.951","{Trailers,Commentaries,""Deleted Scenes"",""Behind the Scenes""}","'abandon':22 'action':5 'action-pack':4 'apollo':1 'crocodil':10 'explor':13 'find':16 'mine':23 'must':15 'pack':6 'reflect':7 'shaft':24 'sumo':18 'teen':2 'wrestler':19"
36,"Argonauts Town","A Emotional Epistle of a Forensic Psychologist And a Butler who must Challenge a Waitress in An Abandoned Mine Shaft",2006,1,7,0.99,127,12.99,"PG-13","2013-05-26 14:50:58.951","{Trailers,Commentaries}","'abandon':20 'argonaut':1 'butler':12 'challeng':15 'emot':4 'epistl':5 'forens':8 'mine':21 'must':14 'psychologist':9 'shaft':22 'town':2 'waitress':17"
43,"Atlantis Cause","A Thrilling Yarn of a Feminist And a Hunter who must Fight a Technical Writer in A Shark Tank",2006,1,6,2.99,170,15.99,"G","2013-05-26 14:50:58.951","{""Behind the Scenes""}","'atlanti':1 'caus':2 'feminist':8 'fight':14 'hunter':11 'must':13 'shark':20 'tank':21 'technic':16 'thrill':4 'writer':17 'yarn':5"
45,"Attraction Newton","A Astounding Panorama of a Composer And a Frisbee who must Reach a Husband in Ancient Japan",2006,1,5,4.99,83,14.99,"PG-13","2013-05-26 14:50:58.951","{Trailers,""Behind the Scenes""}","'ancient':18 'astound':4 'attract':1 'compos':8 'frisbe':11 'husband':16 'japan':19 'must':13 'newton':2 'panorama':5 'reach':14"
46,"Autumn Crow","A Beautiful Tale of a Dentist And a Mad Cow who must Battle a Moose in The Sahara Desert",2006,1,3,4.99,108,13.99,"G","2013-05-26 14:50:58.951","{Trailers,Commentaries,""Deleted Scenes"",""Behind the Scenes""}","'autumn':1 'battl':15 'beauti':4 'cow':12 'crow':2 'dentist':8 'desert':21 'mad':11 'moos':17 'must':14 'sahara':20 'tale':5"
126,"Casualties Encino","A Insightful Yarn of a A Shark And a Pastry Chef who must Face a Boy in A Monastery",2006,1,3,4.99,179,16.99,"G","2013-05-26 14:50:58.951","{Trailers}","'boy':18 'casualti':1 'chef':13 'encino':2 'face':16 'insight':4 'monasteri':21 'must':15 'pastri':12 'shark':9 'yarn':5"
54,"Banger Pinocchio","A Awe-Inspiring Drama of a Car And a Pastry Chef who must Chase a Crocodile in The First Manned Space Station",2006,1,5,0.99,113,15.99,"R","2013-05-26 14:50:58.951","{Trailers,Commentaries,""Deleted Scenes""}","'awe':5 'awe-inspir':4 'banger':1 'car':10 'chase':17 'chef':14 'crocodil':19 'drama':7 'first':22 'inspir':6 'man':23 'must':16 'pastri':13 'pinocchio':2 'space':24 'station':25"
56,"Barefoot Manchurian","A Intrepid Story of a Cat And a Student who must Vanquish a Girl in An Abandoned Amusement Park",2006,1,6,2.99,129,15.99,"G","2013-05-26 14:50:58.951","{Trailers,Commentaries}","'abandon':19 'amus':20 'barefoot':1 'cat':8 'girl':16 'intrepid':4 'manchurian':2 'must':13 'park':21 'stori':5 'student':11 'vanquish':14"
58,"Beach Heartbreakers","A Fateful Display of a Womanizer And a Mad Scientist who must Outgun a A Shark in Soviet Georgia",2006,1,6,2.99,122,16.99,"G","2013-05-26 14:50:58.951","{""Deleted Scenes"",""Behind the Scenes""}","'beach':1 'display':5 'fate':4 'georgia':21 'heartbreak':2 'mad':11 'must':14 'outgun':15 'scientist':12 'shark':18 'soviet':20 'woman':8"
72,"Bill Others","A Stunning Saga of a Mad Scientist And a Forensic Psychologist who must Challenge a Squirrel in A MySQL Convention",2006,1,6,2.99,93,12.99,"PG","2013-05-26 14:50:58.951","{Trailers,Commentaries}","'bill':1 'challeng':16 'convent':22 'forens':12 'mad':8 'must':15 'mysql':21 'other':2 'psychologist':13 'saga':5 'scientist':9 'squirrel':18 'stun':4"
75,"Bird Independence","A Thrilling Documentary of a Car And a Student who must Sink a Hunter in The Canadian Rockies",2006,1,6,4.99,163,14.99,"G","2013-05-26 14:50:58.951","{Commentaries,""Behind the Scenes""}","'bird':1 'canadian':19 'car':8 'documentari':5 'hunter':16 'independ':2 'must':13 'rocki':20 'sink':14 'student':11 'thrill':4"
77,"Birds Perdition","A Boring Story of a Womanizer And a Pioneer who must Face a Dog in California",2006,1,5,4.99,61,15.99,"G","2013-05-26 14:50:58.951","{Trailers,""Behind the Scenes""}","'bird':1 'bore':4 'california':18 'dog':16 'face':14 'must':13 'perdit':2 'pioneer':11 'stori':5 'woman':8"
78,"Blackout Private","A Intrepid Yarn of a Pastry Chef And a Mad Scientist who must Challenge a Secret Agent in Ancient Japan",2006,1,7,2.99,85,12.99,"PG","2013-05-26 14:50:58.951","{Trailers,""Deleted Scenes""}","'agent':19 'ancient':21 'blackout':1 'challeng':16 'chef':9 'intrepid':4 'japan':22 'mad':12 'must':15 'pastri':8 'privat':2 'scientist':13 'secret':18 'yarn':5"
82,"Blood Argonauts","A Boring Drama of a Explorer And a Man who must Kill a Lumberjack in A Manhattan Penthouse",2006,1,3,0.99,71,13.99,"G","2013-05-26 14:50:58.951","{Trailers,Commentaries,""Behind the Scenes""}","'argonaut':2 'blood':1 'bore':4 'drama':5 'explor':8 'kill':14 'lumberjack':16 'man':11 'manhattan':19 'must':13 'penthous':20"
84,"Boiled Dares","A Awe-Inspiring Story of a Waitress And a Dog who must Discover a Dentist in Ancient Japan",2006,1,7,4.99,102,13.99,"PG","2013-05-26 14:50:58.951","{Trailers,Commentaries}","'ancient':20 'awe':5 'awe-inspir':4 'boil':1 'dare':2 'dentist':18 'discov':16 'dog':13 'inspir':6 'japan':21 'must':15 'stori':7 'waitress':10"
87,"Boondock Ballroom","A Fateful Panorama of a Crocodile And a Boy who must Defeat a Monkey in The Gulf of Mexico",2006,1,7,0.99,76,14.99,"NC-17","2013-05-26 14:50:58.951","{""Behind the Scenes""}","'ballroom':2 'boondock':1 'boy':11 'crocodil':8 'defeat':14 'fate':4 'gulf':19 'mexico':21 'monkey':16 'must':13 'panorama':5"
94,"Braveheart Human","A Insightful Story of a Dog And a Pastry Chef who must Battle a Girl in Berlin",2006,1,7,2.99,176,14.99,"PG-13","2013-05-26 14:50:58.951","{Trailers,""Deleted Scenes""}","'battl':15 'berlin':19 'braveheart':1 'chef':12 'dog':8 'girl':17 'human':2 'insight':4 'must':14 'pastri':11 'stori':5"
99,"Bringing Hysterical","A Fateful Saga of a A Shark And a Technical Writer who must Find a Woman in A Jet Boat",2006,1,7,2.99,136,14.99,"PG","2013-05-26 14:50:58.951","{Trailers}","'boat':22 'bring':1 'fate':4 'find':16 'hyster':2 'jet':21 'must':15 'saga':5 'shark':9 'technic':12 'woman':18 'writer':13"
106,"Bulworth Commandments","A Amazing Display of a Mad Cow And a Pioneer who must Redeem a Sumo Wrestler in The Outback",2006,1,4,2.99,61,14.99,"G","2013-05-26 14:50:58.951","{Trailers}","'amaz':4 'bulworth':1 'command':2 'cow':9 'display':5 'mad':8 'must':14 'outback':21 'pioneer':12 'redeem':15 'sumo':17 'wrestler':18"
107,"Bunch Minds","A Emotional Story of a Feminist And a Feminist who must Escape a Pastry Chef in A MySQL Convention",2006,1,4,2.99,63,13.99,"G","2013-05-26 14:50:58.951","{""Behind the Scenes""}","'bunch':1 'chef':17 'convent':21 'emot':4 'escap':14 'feminist':8,11 'mind':2 'must':13 'mysql':20 'pastri':16 'stori':5"
117,"Candles Grapes","A Fanciful Character Study of a Monkey And a Explorer who must Build a Astronaut in An Abandoned Fun House",2006,1,6,4.99,135,15.99,"NC-17","2013-05-26 14:50:58.951","{Trailers,""Deleted Scenes""}","'abandon':20 'astronaut':17 'build':15 'candl':1 'charact':5 'explor':12 'fanci':4 'fun':21 'grape':2 'hous':22 'monkey':9 'must':14 'studi':6"
120,"Caribbean Liberty","A Fanciful Tale of a Pioneer And a Technical Writer who must Outgun a Pioneer in A Shark Tank",2006,1,3,4.99,92,16.99,"NC-17","2013-05-26 14:50:58.951","{Commentaries,""Deleted Scenes""}","'caribbean':1 'fanci':4 'liberti':2 'must':14 'outgun':15 'pioneer':8,17 'shark':20 'tale':5 'tank':21 'technic':11 'writer':12"
121,"Carol Texas","A Astounding Character Study of a Composer And a Student who must Overcome a Composer in A Monastery",2006,1,4,2.99,151,15.99,"PG","2013-05-26 14:50:58.951","{Trailers,""Behind the Scenes""}","'astound':4 'carol':1 'charact':5 'compos':9,17 'monasteri':20 'must':14 'overcom':15 'student':12 'studi':6 'texa':2"
124,"Casper Dragonfly","A Intrepid Documentary of a Boat And a Crocodile who must Chase a Robot in The Sahara Desert",2006,1,3,4.99,163,16.99,"PG-13","2013-05-26 14:50:58.951","{Trailers}","'boat':8 'casper':1 'chase':14 'crocodil':11 'desert':20 'documentari':5 'dragonfli':2 'intrepid':4 'must':13 'robot':16 'sahara':19"
127,"Cat Coneheads","A Fast-Paced Panorama of a Girl And a A Shark who must Confront a Boy in Ancient India",2006,1,5,4.99,112,14.99,"G","2013-05-26 14:50:58.951","{Commentaries,""Deleted Scenes""}","'ancient':21 'boy':19 'cat':1 'conehead':2 'confront':17 'fast':5 'fast-pac':4 'girl':10 'india':22 'must':16 'pace':6 'panorama':7 'shark':14"
129,"Cause Date","A Taut Tale of a Explorer And a Pastry Chef who must Conquer a Hunter in A MySQL Convention",2006,1,3,2.99,179,16.99,"R","2013-05-26 14:50:58.951","{Commentaries,""Deleted Scenes"",""Behind the Scenes""}","'caus':1 'chef':12 'conquer':15 'convent':21 'date':2 'explor':8 'hunter':17 'must':14 'mysql':20 'pastri':11 'tale':5 'taut':4"
131,"Center Dinosaur","A Beautiful Character Study of a Sumo Wrestler And a Dentist who must Find a Dog in California",2006,1,5,4.99,152,12.99,"PG","2013-05-26 14:50:58.951","{""Deleted Scenes""}","'beauti':4 'california':20 'center':1 'charact':5 'dentist':13 'dinosaur':2 'dog':18 'find':16 'must':15 'studi':6 'sumo':9 'wrestler':10"
154,"Clash Freddy","A Amazing Yarn of a Composer And a Squirrel who must Escape a Astronaut in Australia",2006,1,6,2.99,81,12.99,"G","2013-05-26 14:50:58.951","{Commentaries,""Deleted Scenes""}","'amaz':4 'astronaut':16 'australia':18 'clash':1 'compos':8 'escap':14 'freddi':2 'must':13 'squirrel':11 'yarn':5"
147,"Chocolat Harry","A Action-Packed Epistle of a Dentist And a Moose who must Meet a Mad Cow in Ancient Japan",2006,1,5,0.99,101,16.99,"NC-17","2013-05-26 14:50:58.951","{Commentaries,""Behind the Scenes""}","'action':5 'action-pack':4 'ancient':21 'chocolat':1 'cow':19 'dentist':10 'epistl':7 'harri':2 'japan':22 'mad':18 'meet':16 'moos':13 'must':15 'pack':6"
148,"Chocolate Duck","A Unbelieveable Story of a Mad Scientist And a Technical Writer who must Discover a Composer in Ancient China",2006,1,3,2.99,132,13.99,"R","2013-05-26 14:50:58.951","{Trailers,Commentaries,""Behind the Scenes""}","'ancient':20 'china':21 'chocol':1 'compos':18 'discov':16 'duck':2 'mad':8 'must':15 'scientist':9 'stori':5 'technic':12 'unbeliev':4 'writer':13"
152,"Circus Youth","A Thoughtful Drama of a Pastry Chef And a Dentist who must Pursue a Girl in A Baloon",2006,1,5,2.99,90,13.99,"PG-13","2013-05-26 14:50:58.951","{Trailers,""Deleted Scenes"",""Behind the Scenes""}","'baloon':20 'chef':9 'circus':1 'dentist':12 'drama':5 'girl':17 'must':14 'pastri':8 'pursu':15 'thought':4 'youth':2"
156,"Clerks Angels","A Thrilling Display of a Sumo Wrestler And a Girl who must Confront a Man in A Baloon",2006,1,3,4.99,164,15.99,"G","2013-05-26 14:50:58.951","{Commentaries}","'angel':2 'baloon':20 'clerk':1 'confront':15 'display':5 'girl':12 'man':17 'must':14 'sumo':8 'thrill':4 'wrestler':9"
158,"Clones Pinocchio","A Amazing Drama of a Car And a Robot who must Pursue a Dentist in New Orleans",2006,1,6,2.99,124,16.99,"R","2013-05-26 14:50:58.951","{""Behind the Scenes""}","'amaz':4 'car':8 'clone':1 'dentist':16 'drama':5 'must':13 'new':18 'orlean':19 'pinocchio':2 'pursu':14 'robot':11"
159,"Closer Bang","A Unbelieveable Panorama of a Frisbee And a Hunter who must Vanquish a Monkey in Ancient India",2006,1,5,4.99,58,12.99,"R","2013-05-26 14:50:58.951","{Trailers,""Behind the Scenes""}","'ancient':18 'bang':2 'closer':1 'frisbe':8 'hunter':11 'india':19 'monkey':16 'must':13 'panorama':5 'unbeliev':4 'vanquish':14"
160,"Club Graffiti","A Epic Tale of a Pioneer And a Hunter who must Escape a Girl in A U-Boat",2006,1,4,0.99,65,12.99,"PG-13","2013-05-26 14:50:58.951","{Trailers,""Deleted Scenes""}","'boat':21 'club':1 'epic':4 'escap':14 'girl':16 'graffiti':2 'hunter':11 'must':13 'pioneer':8 'tale':5 'u':20 'u-boat':19"
162,"Clueless Bucket","A Taut Tale of a Car And a Pioneer who must Conquer a Sumo Wrestler in An Abandoned Fun House",2006,1,4,2.99,95,13.99,"R","2013-05-26 14:50:58.951","{Trailers,""Deleted Scenes"",""Behind the Scenes""}","'abandon':20 'bucket':2 'car':8 'clueless':1 'conquer':14 'fun':21 'hous':22 'must':13 'pioneer':11 'sumo':16 'tale':5 'taut':4 'wrestler':17"
171,"Commandments Express","A Fanciful Saga of a Student And a Mad Scientist who must Battle a Hunter in An Abandoned Mine Shaft",2006,1,6,4.99,59,13.99,"R","2013-05-26 14:50:58.951","{Trailers,Commentaries,""Deleted Scenes""}","'abandon':20 'battl':15 'command':1 'express':2 'fanci':4 'hunter':17 'mad':11 'mine':21 'must':14 'saga':5 'scientist':12 'shaft':22 'student':8"
172,"Coneheads Smoochy","A Touching Story of a Womanizer And a Composer who must Pursue a Husband in Nigeria",2006,1,7,4.99,112,12.99,"NC-17","2013-05-26 14:50:58.951","{""Deleted Scenes"",""Behind the Scenes""}","'compos':11 'conehead':1 'husband':16 'must':13 'nigeria':18 'pursu':14 'smoochi':2 'stori':5 'touch':4 'woman':8"
174,"Confidential Interview","A Stunning Reflection of a Cat And a Woman who must Find a Astronaut in Ancient Japan",2006,1,6,4.99,180,13.99,"NC-17","2013-05-26 14:50:58.951","{Commentaries}","'ancient':18 'astronaut':16 'cat':8 'confidenti':1 'find':14 'interview':2 'japan':19 'must':13 'reflect':5 'stun':4 'woman':11"
179,"Conquerer Nuts","A Taut Drama of a Mad Scientist And a Man who must Escape a Pioneer in An Abandoned Mine Shaft",2006,1,4,4.99,173,14.99,"G","2013-05-26 14:50:58.951","{Commentaries,""Deleted Scenes"",""Behind the Scenes""}","'abandon':20 'conquer':1 'drama':5 'escap':15 'mad':8 'man':12 'mine':21 'must':14 'nut':2 'pioneer':17 'scientist':9 'shaft':22 'taut':4"
183,"Conversation Downhill","A Taut Character Study of a Husband And a Waitress who must Sink a Squirrel in A MySQL Convention",2006,1,4,4.99,112,14.99,"R","2013-05-26 14:50:58.951","{Commentaries}","'charact':5 'convent':21 'convers':1 'downhil':2 'husband':9 'must':14 'mysql':20 'sink':15 'squirrel':17 'studi':6 'taut':4 'waitress':12"
187,"Cranes Reservoir","A Fanciful Documentary of a Teacher And a Dog who must Outgun a Forensic Psychologist in A Baloon Factory",2006,1,5,2.99,57,12.99,"NC-17","2013-05-26 14:50:58.951","{Commentaries}","'baloon':20 'crane':1 'documentari':5 'dog':11 'factori':21 'fanci':4 'forens':16 'must':13 'outgun':14 'psychologist':17 'reservoir':2 'teacher':8"
195,"Crowds Telemark","A Intrepid Documentary of a Astronaut And a Forensic Psychologist who must Find a Frisbee in An Abandoned Fun House",2006,1,3,4.99,112,16.99,"R","2013-05-26 14:50:58.951","{Trailers,""Behind the Scenes""}","'abandon':20 'astronaut':8 'crowd':1 'documentari':5 'find':15 'forens':11 'frisbe':17 'fun':21 'hous':22 'intrepid':4 'must':14 'psychologist':12 'telemark':2"
208,"Dares Pluto","A Fateful Story of a Robot And a Dentist who must Defeat a Astronaut in New Orleans",2006,1,7,2.99,89,16.99,"PG-13","2013-05-26 14:50:58.951","{Commentaries,""Behind the Scenes""}","'astronaut':16 'dare':1 'defeat':14 'dentist':11 'fate':4 'must':13 'new':18 'orlean':19 'pluto':2 'robot':8 'stori':5"
210,"Darko Dorado","A Stunning Reflection of a Frisbee And a Husband who must Redeem a Dog in New Orleans",2006,1,3,4.99,130,13.99,"NC-17","2013-05-26 14:50:58.951","{Trailers,Commentaries,""Deleted Scenes"",""Behind the Scenes""}","'darko':1 'dog':16 'dorado':2 'frisbe':8 'husband':11 'must':13 'new':18 'orlean':19 'redeem':14 'reflect':5 'stun':4"
212,"Darn Forrester","A Fateful Story of a A Shark And a Explorer who must Succumb a Technical Writer in A Jet Boat",2006,1,7,4.99,185,14.99,"G","2013-05-26 14:50:58.951","{""Deleted Scenes""}","'boat':22 'darn':1 'explor':12 'fate':4 'forrest':2 'jet':21 'must':14 'shark':9 'stori':5 'succumb':15 'technic':17 'writer':18"
214,"Daughter Madigan","A Beautiful Tale of a Hunter And a Mad Scientist who must Confront a Squirrel in The First Manned Space Station",2006,1,3,4.99,59,13.99,"PG-13","2013-05-26 14:50:58.951","{Trailers}","'beauti':4 'confront':15 'daughter':1 'first':20 'hunter':8 'mad':11 'madigan':2 'man':21 'must':14 'scientist':12 'space':22 'squirrel':17 'station':23 'tale':5"
216,"Day Unfaithful","A Stunning Documentary of a Composer And a Mad Scientist who must Find a Technical Writer in A U-Boat",2006,1,3,4.99,113,16.99,"G","2013-05-26 14:50:58.951","{Trailers,Commentaries,""Deleted Scenes"",""Behind the Scenes""}","'boat':23 'compos':8 'day':1 'documentari':5 'find':15 'mad':11 'must':14 'scientist':12 'stun':4 'technic':17 'u':22 'u-boat':21 'unfaith':2 'writer':18"
220,"Deer Virginian","A Thoughtful Story of a Mad Cow And a Womanizer who must Overcome a Mad Scientist in Soviet Georgia",2006,1,7,2.99,106,13.99,"NC-17","2013-05-26 14:50:58.951","{""Deleted Scenes""}","'cow':9 'deer':1 'georgia':21 'mad':8,17 'must':14 'overcom':15 'scientist':18 'soviet':20 'stori':5 'thought':4 'virginian':2 'woman':12"
228,"Detective Vision","A Fanciful Documentary of a Pioneer And a Woman who must Redeem a Hunter in Ancient Japan",2006,1,4,0.99,143,16.99,"PG-13","2013-05-26 14:50:58.951","{Trailers,Commentaries,""Behind the Scenes""}","'ancient':18 'detect':1 'documentari':5 'fanci':4 'hunter':16 'japan':19 'must':13 'pioneer':8 'redeem':14 'vision':2 'woman':11"
229,"Devil Desire","A Beautiful Reflection of a Monkey And a Dentist who must Face a Database Administrator in Ancient Japan",2006,1,6,4.99,87,12.99,"R","2013-05-26 14:50:58.951","{Trailers,""Behind the Scenes""}","'administr':17 'ancient':19 'beauti':4 'databas':16 'dentist':11 'desir':2 'devil':1 'face':14 'japan':20 'monkey':8 'must':13 'reflect':5"
235,"Divide Monster","A Intrepid Saga of a Man And a Forensic Psychologist who must Reach a Squirrel in A Monastery",2006,1,6,2.99,68,13.99,"PG-13","2013-05-26 14:50:58.951","{Trailers,Commentaries}","'divid':1 'forens':11 'intrepid':4 'man':8 'monasteri':20 'monster':2 'must':14 'psychologist':12 'reach':15 'saga':5 'squirrel':17"
239,"Dogma Family","A Brilliant Character Study of a Database Administrator And a Monkey who must Succumb a Astronaut in New Orleans",2006,1,5,4.99,122,16.99,"G","2013-05-26 14:50:58.951","{Commentaries}","'administr':10 'astronaut':18 'brilliant':4 'charact':5 'databas':9 'dogma':1 'famili':2 'monkey':13 'must':15 'new':20 'orlean':21 'studi':6 'succumb':16"
242,"Doom Dancing","A Astounding Panorama of a Car And a Mad Scientist who must Battle a Lumberjack in A MySQL Convention",2006,1,4,0.99,68,13.99,"R","2013-05-26 14:50:58.951","{Trailers,Commentaries}","'astound':4 'battl':15 'car':8 'convent':21 'danc':2 'doom':1 'lumberjack':17 'mad':11 'must':14 'mysql':20 'panorama':5 'scientist':12"
246,"Doubtfire Labyrinth","A Intrepid Panorama of a Butler And a Composer who must Meet a Mad Cow in The Sahara Desert",2006,1,5,4.99,154,16.99,"R","2013-05-26 14:50:58.951","{""Deleted Scenes"",""Behind the Scenes""}","'butler':8 'compos':11 'cow':17 'desert':21 'doubtfir':1 'intrepid':4 'labyrinth':2 'mad':16 'meet':14 'must':13 'panorama':5 'sahara':20"
257,"Drumline Cyclone","A Insightful Panorama of a Monkey And a Sumo Wrestler who must Outrace a Mad Scientist in The Canadian Rockies",2006,1,3,0.99,110,14.99,"G","2013-05-26 14:50:58.951","{Commentaries,""Deleted Scenes"",""Behind the Scenes""}","'canadian':21 'cyclon':2 'drumlin':1 'insight':4 'mad':17 'monkey':8 'must':14 'outrac':15 'panorama':5 'rocki':22 'scientist':18 'sumo':11 'wrestler':12"
259,"Duck Racer","A Lacklusture Yarn of a Teacher And a Squirrel who must Overcome a Dog in A Shark Tank",2006,1,4,2.99,116,15.99,"NC-17","2013-05-26 14:50:58.951","{""Behind the Scenes""}","'dog':16 'duck':1 'lacklustur':4 'must':13 'overcom':14 'racer':2 'shark':19 'squirrel':11 'tank':20 'teacher':8 'yarn':5"
261,"Duffel Apocalypse","A Emotional Display of a Boat And a Explorer who must Challenge a Madman in A MySQL Convention",2006,1,5,0.99,171,13.99,"G","2013-05-26 14:50:58.951","{Commentaries}","'apocalyps':2 'boat':8 'challeng':14 'convent':20 'display':5 'duffel':1 'emot':4 'explor':11 'madman':16 'must':13 'mysql':19"
263,"Durham Panky","A Brilliant Panorama of a Girl And a Boy who must Face a Mad Scientist in An Abandoned Mine Shaft",2006,1,6,4.99,154,14.99,"R","2013-05-26 14:50:58.951","{Trailers,Commentaries}","'abandon':20 'boy':11 'brilliant':4 'durham':1 'face':14 'girl':8 'mad':16 'mine':21 'must':13 'panki':2 'panorama':5 'scientist':17 'shaft':22"
264,"Dwarfs Alter","A Emotional Yarn of a Girl And a Dog who must Challenge a Composer in Ancient Japan",2006,1,6,2.99,101,13.99,"G","2013-05-26 14:50:58.951","{Commentaries,""Deleted Scenes""}","'alter':2 'ancient':18 'challeng':14 'compos':16 'dog':11 'dwarf':1 'emot':4 'girl':8 'japan':19 'must':13 'yarn':5"
267,"Eagles Panky","A Thoughtful Story of a Car And a Boy who must Find a A Shark in The Sahara Desert",2006,1,4,4.99,140,14.99,"NC-17","2013-05-26 14:50:58.951","{Trailers,Commentaries,""Behind the Scenes""}","'boy':11 'car':8 'desert':21 'eagl':1 'find':14 'must':13 'panki':2 'sahara':20 'shark':17 'stori':5 'thought':4"
271,"Easy Gladiator","A Fateful Story of a Monkey And a Girl who must Overcome a Pastry Chef in Ancient India",2006,1,5,4.99,148,12.99,"G","2013-05-26 14:50:58.951","{Trailers,Commentaries,""Behind the Scenes""}","'ancient':19 'chef':17 'easi':1 'fate':4 'girl':11 'gladiat':2 'india':20 'monkey':8 'must':13 'overcom':14 'pastri':16 'stori':5"
273,"Effect Gladiator","A Beautiful Display of a Pastry Chef And a Pastry Chef who must Outgun a Forensic Psychologist in A Manhattan Penthouse",2006,1,6,0.99,107,14.99,"PG","2013-05-26 14:50:58.951","{Commentaries}","'beauti':4 'chef':9,13 'display':5 'effect':1 'forens':18 'gladiat':2 'manhattan':22 'must':15 'outgun':16 'pastri':8,12 'penthous':23 'psychologist':19"
286,"Enough Raging","A Astounding Character Study of a Boat And a Secret Agent who must Find a Mad Cow in The Sahara Desert",2006,1,7,2.99,158,16.99,"NC-17","2013-05-26 14:50:58.951","{Commentaries}","'agent':13 'astound':4 'boat':9 'charact':5 'cow':19 'desert':23 'enough':1 'find':16 'mad':18 'must':15 'rage':2 'sahara':22 'secret':12 'studi':6"
295,"Expendable Stallion","A Amazing Character Study of a Mad Cow And a Squirrel who must Discover a Hunter in A U-Boat",2006,1,3,0.99,97,14.99,"PG","2013-05-26 14:50:58.951","{Trailers,""Behind the Scenes""}","'amaz':4 'boat':23 'charact':5 'cow':10 'discov':16 'expend':1 'hunter':18 'mad':9 'must':15 'squirrel':13 'stallion':2 'studi':6 'u':22 'u-boat':21"
298,"Eyes Driving","A Thrilling Story of a Cat And a Waitress who must Fight a Explorer in The Outback",2006,1,4,2.99,172,13.99,"PG-13","2013-05-26 14:50:58.951","{Trailers,Commentaries}","'cat':8 'drive':2 'explor':16 'eye':1 'fight':14 'must':13 'outback':19 'stori':5 'thrill':4 'waitress':11"
306,"Feathers Metal","A Thoughtful Yarn of a Monkey And a Teacher who must Find a Dog in Australia",2006,1,3,0.99,104,12.99,"PG-13","2013-05-26 14:50:58.951","{Trailers,""Deleted Scenes""}","'australia':18 'dog':16 'feather':1 'find':14 'metal':2 'monkey':8 'must':13 'teacher':11 'thought':4 'yarn':5"
308,"Ferris Mother","A Touching Display of a Frisbee And a Frisbee who must Kill a Girl in The Gulf of Mexico",2006,1,3,2.99,142,13.99,"PG","2013-05-26 14:50:58.951","{Trailers,""Deleted Scenes"",""Behind the Scenes""}","'display':5 'ferri':1 'frisbe':8,11 'girl':16 'gulf':19 'kill':14 'mexico':21 'mother':2 'must':13 'touch':4"
311,"Fiction Christmas","A Emotional Yarn of a A Shark And a Student who must Battle a Robot in An Abandoned Mine Shaft",2006,1,4,0.99,72,14.99,"PG","2013-05-26 14:50:58.951","{Trailers,Commentaries,""Deleted Scenes"",""Behind the Scenes""}","'abandon':20 'battl':15 'christma':2 'emot':4 'fiction':1 'mine':21 'must':14 'robot':17 'shaft':22 'shark':9 'student':12 'yarn':5"
314,"Fight Jawbreaker","A Intrepid Panorama of a Womanizer And a Girl who must Escape a Girl in A Manhattan Penthouse",2006,1,3,0.99,91,13.99,"R","2013-05-26 14:50:58.951","{Trailers,Commentaries,""Deleted Scenes"",""Behind the Scenes""}","'escap':14 'fight':1 'girl':11,16 'intrepid':4 'jawbreak':2 'manhattan':19 'must':13 'panorama':5 'penthous':20 'woman':8"
318,"Firehouse Vietnam","A Awe-Inspiring Character Study of a Boat And a Boy who must Kill a Pastry Chef in The Sahara Desert",2006,1,7,0.99,103,14.99,"G","2013-05-26 14:50:58.951","{Commentaries,""Deleted Scenes""}","'awe':5 'awe-inspir':4 'boat':11 'boy':14 'charact':7 'chef':20 'desert':24 'firehous':1 'inspir':6 'kill':17 'must':16 'pastri':19 'sahara':23 'studi':8 'vietnam':2"
329,"Forrest Sons","A Thrilling Documentary of a Forensic Psychologist And a Butler who must Defeat a Explorer in A Jet Boat",2006,1,4,2.99,63,15.99,"R","2013-05-26 14:50:58.951","{Commentaries}","'boat':21 'butler':12 'defeat':15 'documentari':5 'explor':17 'forens':8 'forrest':1 'jet':20 'must':14 'psychologist':9 'son':2 'thrill':4"
332,"Frankenstein Stranger","A Insightful Character Study of a Feminist And a Pioneer who must Pursue a Pastry Chef in Nigeria",2006,1,7,0.99,159,16.99,"NC-17","2013-05-26 14:50:58.951","{""Deleted Scenes"",""Behind the Scenes""}","'charact':5 'chef':18 'feminist':9 'frankenstein':1 'insight':4 'must':14 'nigeria':20 'pastri':17 'pioneer':12 'pursu':15 'stranger':2 'studi':6"
333,"Freaky Pocus","A Fast-Paced Documentary of a Pastry Chef And a Crocodile who must Chase a Squirrel in The Gulf of Mexico",2006,1,7,2.99,126,16.99,"R","2013-05-26 14:50:58.951","{Trailers,""Behind the Scenes""}","'chase':17 'chef':11 'crocodil':14 'documentari':7 'fast':5 'fast-pac':4 'freaki':1 'gulf':22 'mexico':24 'must':16 'pace':6 'pastri':10 'pocus':2 'squirrel':19"
340,"Frontier Cabin","A Emotional Story of a Madman And a Waitress who must Battle a Teacher in An Abandoned Fun House",2006,1,6,4.99,183,14.99,"PG-13","2013-05-26 14:50:58.951","{Commentaries,""Deleted Scenes""}","'abandon':19 'battl':14 'cabin':2 'emot':4 'frontier':1 'fun':20 'hous':21 'madman':8 'must':13 'stori':5 'teacher':16 'waitress':11"
341,"Frost Head","A Amazing Reflection of a Lumberjack And a Cat who must Discover a Husband in A MySQL Convention",2006,1,5,0.99,82,13.99,"PG","2013-05-26 14:50:58.951","{Trailers,""Deleted Scenes""}","'amaz':4 'cat':11 'convent':20 'discov':14 'frost':1 'head':2 'husband':16 'lumberjack':8 'must':13 'mysql':19 'reflect':5"
343,"Full Flatliners","A Beautiful Documentary of a Astronaut And a Moose who must Pursue a Monkey in A Shark Tank",2006,1,6,2.99,94,14.99,"PG","2013-05-26 14:50:58.951","{Trailers,""Deleted Scenes""}","'astronaut':8 'beauti':4 'documentari':5 'flatlin':2 'full':1 'monkey':16 'moos':11 'must':13 'pursu':14 'shark':19 'tank':20"
346,"Galaxy Sweethearts","A Emotional Reflection of a Womanizer And a Pioneer who must Face a Squirrel in Berlin",2006,1,4,4.99,128,13.99,"R","2013-05-26 14:50:58.951","{""Deleted Scenes""}","'berlin':18 'emot':4 'face':14 'galaxi':1 'must':13 'pioneer':11 'reflect':5 'squirrel':16 'sweetheart':2 'woman':8"
357,"Gilbert Pelican","A Fateful Tale of a Man And a Feminist who must Conquer a Crocodile in A Manhattan Penthouse",2006,1,7,0.99,114,13.99,"G","2013-05-26 14:50:58.951","{Trailers,Commentaries}","'conquer':14 'crocodil':16 'fate':4 'feminist':11 'gilbert':1 'man':8 'manhattan':19 'must':13 'pelican':2 'penthous':20 'tale':5"
362,"Glory Tracy","A Amazing Saga of a Woman And a Womanizer who must Discover a Cat in The First Manned Space Station",2006,1,7,2.99,115,13.99,"PG-13","2013-05-26 14:50:58.951","{Trailers,Commentaries,""Behind the Scenes""}","'amaz':4 'cat':16 'discov':14 'first':19 'glori':1 'man':20 'must':13 'saga':5 'space':21 'station':22 'traci':2 'woman':8,11"
363,"Go Purple","A Fast-Paced Display of a Car And a Database Administrator who must Battle a Woman in A Baloon",2006,1,3,0.99,54,12.99,"R","2013-05-26 14:50:58.951","{Trailers}","'administr':14 'baloon':22 'battl':17 'car':10 'databas':13 'display':7 'fast':5 'fast-pac':4 'go':1 'must':16 'pace':6 'purpl':2 'woman':19"
364,"Godfather Diary","A Stunning Saga of a Lumberjack And a Squirrel who must Chase a Car in The Outback",2006,1,3,2.99,73,14.99,"NC-17","2013-05-26 14:50:58.951","{Trailers}","'car':16 'chase':14 'diari':2 'godfath':1 'lumberjack':8 'must':13 'outback':19 'saga':5 'squirrel':11 'stun':4"
373,"Graduate Lord","A Lacklusture Epistle of a Girl And a A Shark who must Meet a Mad Scientist in Ancient China",2006,1,7,2.99,156,14.99,"G","2013-05-26 14:50:58.951","{Trailers,""Behind the Scenes""}","'ancient':20 'china':21 'epistl':5 'girl':8 'graduat':1 'lacklustur':4 'lord':2 'mad':17 'meet':15 'must':14 'scientist':18 'shark':12"
379,"Greedy Roots","A Amazing Reflection of a A Shark And a Butler who must Chase a Hunter in The Canadian Rockies",2006,1,7,0.99,166,14.99,"R","2013-05-26 14:50:58.951","{Trailers,Commentaries,""Deleted Scenes""}","'amaz':4 'butler':12 'canadian':20 'chase':15 'greedi':1 'hunter':17 'must':14 'reflect':5 'rocki':21 'root':2 'shark':9"
383,"Groove Fiction","A Unbelieveable Reflection of a Moose And a A Shark who must Defeat a Lumberjack in An Abandoned Mine Shaft",2006,1,6,0.99,111,13.99,"NC-17","2013-05-26 14:50:58.951","{""Behind the Scenes""}","'abandon':20 'defeat':15 'fiction':2 'groov':1 'lumberjack':17 'mine':21 'moos':8 'must':14 'reflect':5 'shaft':22 'shark':12 'unbeliev':4"
386,"Gump Date","A Intrepid Yarn of a Explorer And a Student who must Kill a Husband in An Abandoned Mine Shaft",2006,1,3,4.99,53,12.99,"NC-17","2013-05-26 14:50:58.951","{""Deleted Scenes""}","'abandon':19 'date':2 'explor':8 'gump':1 'husband':16 'intrepid':4 'kill':14 'mine':20 'must':13 'shaft':21 'student':11 'yarn':5"
388,"Gunfight Moon","A Epic Reflection of a Pastry Chef And a Explorer who must Reach a Dentist in The Sahara Desert",2006,1,5,0.99,70,16.99,"NC-17","2013-05-26 14:50:58.951","{""Deleted Scenes"",""Behind the Scenes""}","'chef':9 'dentist':17 'desert':21 'epic':4 'explor':12 'gunfight':1 'moon':2 'must':14 'pastri':8 'reach':15 'reflect':5 'sahara':20"
392,"Hall Cassidy","A Beautiful Panorama of a Pastry Chef And a A Shark who must Battle a Pioneer in Soviet Georgia",2006,1,5,4.99,51,13.99,"NC-17","2013-05-26 14:50:58.951","{Commentaries,""Behind the Scenes""}","'battl':16 'beauti':4 'cassidi':2 'chef':9 'georgia':21 'hall':1 'must':15 'panorama':5 'pastri':8 'pioneer':18 'shark':13 'soviet':20"
449,"Identity Lover","A Boring Tale of a Composer And a Mad Cow who must Defeat a Car in The Outback",2006,1,4,2.99,119,12.99,"PG-13","2013-05-26 14:50:58.951","{""Deleted Scenes""}","'bore':4 'car':17 'compos':8 'cow':12 'defeat':15 'ident':1 'lover':2 'mad':11 'must':14 'outback':20 'tale':5"
400,"Hardly Robbers","A Emotional Character Study of a Hunter And a Car who must Kill a Woman in Berlin",2006,1,7,2.99,72,15.99,"R","2013-05-26 14:50:58.951","{Trailers,""Behind the Scenes""}","'berlin':19 'car':12 'charact':5 'emot':4 'hard':1 'hunter':9 'kill':15 'must':14 'robber':2 'studi':6 'woman':17"
402,"Harper Dying","A Awe-Inspiring Reflection of a Woman And a Cat who must Confront a Feminist in The Sahara Desert",2006,1,3,0.99,52,15.99,"G","2013-05-26 14:50:58.951","{Trailers}","'awe':5 'awe-inspir':4 'cat':13 'confront':16 'desert':22 'die':2 'feminist':18 'harper':1 'inspir':6 'must':15 'reflect':7 'sahara':21 'woman':10"
405,"Haunted Antitrust","A Amazing Saga of a Man And a Dentist who must Reach a Technical Writer in Ancient India",2006,1,6,4.99,76,13.99,"NC-17","2013-05-26 14:50:58.951","{Trailers,""Deleted Scenes""}","'amaz':4 'ancient':19 'antitrust':2 'dentist':11 'haunt':1 'india':20 'man':8 'must':13 'reach':14 'saga':5 'technic':16 'writer':17"
407,"Hawk Chill","A Action-Packed Drama of a Mad Scientist And a Composer who must Outgun a Car in Australia",2006,1,5,0.99,47,12.99,"PG-13","2013-05-26 14:50:58.951","{""Behind the Scenes""}","'action':5 'action-pack':4 'australia':21 'car':19 'chill':2 'compos':14 'drama':7 'hawk':1 'mad':10 'must':16 'outgun':17 'pack':6 'scientist':11"
411,"Heavenly Gun","A Beautiful Yarn of a Forensic Psychologist And a Frisbee who must Battle a Moose in A Jet Boat",2006,1,5,4.99,49,13.99,"NC-17","2013-05-26 14:50:58.951","{""Behind the Scenes""}","'battl':15 'beauti':4 'boat':21 'forens':8 'frisbe':12 'gun':2 'heaven':1 'jet':20 'moos':17 'must':14 'psychologist':9 'yarn':5"
413,"Hedwig Alter","A Action-Packed Yarn of a Womanizer And a Lumberjack who must Chase a Sumo Wrestler in A Monastery",2006,1,7,2.99,169,16.99,"NC-17","2013-05-26 14:50:58.951","{Trailers,Commentaries,""Behind the Scenes""}","'action':5 'action-pack':4 'alter':2 'chase':16 'hedwig':1 'lumberjack':13 'monasteri':22 'must':15 'pack':6 'sumo':18 'woman':10 'wrestler':19 'yarn':7"
424,"Holocaust Highball","A Awe-Inspiring Yarn of a Composer And a Man who must Find a Robot in Soviet Georgia",2006,1,6,0.99,149,12.99,"R","2013-05-26 14:50:58.951","{""Deleted Scenes""}","'awe':5 'awe-inspir':4 'compos':10 'find':16 'georgia':21 'highbal':2 'holocaust':1 'inspir':6 'man':13 'must':15 'robot':18 'soviet':20 'yarn':7"
426,"Home Pity","A Touching Panorama of a Man And a Secret Agent who must Challenge a Teacher in A MySQL Convention",2006,1,7,4.99,185,15.99,"R","2013-05-26 14:50:58.951","{Trailers,Commentaries,""Behind the Scenes""}","'agent':12 'challeng':15 'convent':21 'home':1 'man':8 'must':14 'mysql':20 'panorama':5 'piti':2 'secret':11 'teacher':17 'touch':4"
431,"Hoosiers Birdcage","A Astounding Display of a Explorer And a Boat who must Vanquish a Car in The First Manned Space Station",2006,1,3,2.99,176,12.99,"G","2013-05-26 14:50:58.951","{Trailers,Commentaries,""Deleted Scenes""}","'astound':4 'birdcag':2 'boat':11 'car':16 'display':5 'explor':8 'first':19 'hoosier':1 'man':20 'must':13 'space':21 'station':22 'vanquish':14"
436,"Hours Rage","A Fateful Story of a Explorer And a Feminist who must Meet a Technical Writer in Soviet Georgia",2006,1,4,0.99,122,14.99,"NC-17","2013-05-26 14:50:58.951","{Trailers,""Deleted Scenes""}","'explor':8 'fate':4 'feminist':11 'georgia':20 'hour':1 'meet':14 'must':13 'rage':2 'soviet':19 'stori':5 'technic':16 'writer':17"
437,"House Dynamite","A Taut Story of a Pioneer And a Squirrel who must Battle a Student in Soviet Georgia",2006,1,7,2.99,109,13.99,"R","2013-05-26 14:50:58.951","{Commentaries,""Deleted Scenes"",""Behind the Scenes""}","'battl':14 'dynamit':2 'georgia':19 'hous':1 'must':13 'pioneer':8 'soviet':18 'squirrel':11 'stori':5 'student':16 'taut':4"
451,"Igby Maker","A Epic Documentary of a Hunter And a Dog who must Outgun a Dog in A Baloon Factory",2006,1,7,4.99,160,12.99,"NC-17","2013-05-26 14:50:58.951","{Trailers,""Behind the Scenes""}","'baloon':19 'documentari':5 'dog':11,16 'epic':4 'factori':20 'hunter':8 'igbi':1 'maker':2 'must':13 'outgun':14"
452,"Illusion Amelie","A Emotional Epistle of a Boat And a Mad Scientist who must Outrace a Robot in An Abandoned Mine Shaft",2006,1,4,0.99,122,15.99,"R","2013-05-26 14:50:58.951","{Commentaries,""Behind the Scenes""}","'abandon':20 'ameli':2 'boat':8 'emot':4 'epistl':5 'illus':1 'mad':11 'mine':21 'must':14 'outrac':15 'robot':17 'scientist':12 'shaft':22"
461,"Insects Stone","A Epic Display of a Butler And a Dog who must Vanquish a Crocodile in A Manhattan Penthouse",2006,1,3,0.99,123,14.99,"NC-17","2013-05-26 14:50:58.951","{Trailers,Commentaries,""Behind the Scenes""}","'butler':8 'crocodil':16 'display':5 'dog':11 'epic':4 'insect':1 'manhattan':19 'must':13 'penthous':20 'stone':2 'vanquish':14"
464,"Intentions Empire","A Astounding Epistle of a Cat And a Cat who must Conquer a Mad Cow in A U-Boat",2006,1,3,2.99,107,13.99,"PG-13","2013-05-26 14:50:58.951","{Trailers,""Behind the Scenes""}","'astound':4 'boat':22 'cat':8,11 'conquer':14 'cow':17 'empir':2 'epistl':5 'intent':1 'mad':16 'must':13 'u':21 'u-boat':20"
468,"Invasion Cyclone","A Lacklusture Character Study of a Mad Scientist And a Womanizer who must Outrace a Explorer in A Monastery",2006,1,5,2.99,97,12.99,"PG","2013-05-26 14:50:58.951","{Trailers,""Deleted Scenes""}","'charact':5 'cyclon':2 'explor':18 'invas':1 'lacklustur':4 'mad':9 'monasteri':21 'must':15 'outrac':16 'scientist':10 'studi':6 'woman':13"
473,"Jacket Frisco","A Insightful Reflection of a Womanizer And a Husband who must Conquer a Pastry Chef in A Baloon",2006,1,5,2.99,181,16.99,"PG-13","2013-05-26 14:50:58.951","{Trailers,""Deleted Scenes"",""Behind the Scenes""}","'baloon':20 'chef':17 'conquer':14 'frisco':2 'husband':11 'insight':4 'jacket':1 'must':13 'pastri':16 'reflect':5 'woman':8"
477,"Jawbreaker Brooklyn","A Stunning Reflection of a Boat And a Pastry Chef who must Succumb a A Shark in A Jet Boat",2006,1,5,0.99,118,15.99,"PG","2013-05-26 14:50:58.951","{Trailers,""Behind the Scenes""}","'boat':8,22 'brooklyn':2 'chef':12 'jawbreak':1 'jet':21 'must':14 'pastri':11 'reflect':5 'shark':18 'stun':4 'succumb':15"
479,"Jedi Beneath","A Astounding Reflection of a Explorer And a Dentist who must Pursue a Student in Nigeria",2006,1,7,0.99,128,12.99,"PG","2013-05-26 14:50:58.951","{Trailers,Commentaries,""Deleted Scenes""}","'astound':4 'beneath':2 'dentist':11 'explor':8 'jedi':1 'must':13 'nigeria':18 'pursu':14 'reflect':5 'student':16"
482,"Jeopardy Encino","A Boring Panorama of a Man And a Mad Cow who must Face a Explorer in Ancient India",2006,1,3,0.99,102,12.99,"R","2013-05-26 14:50:58.951","{Trailers,Commentaries}","'ancient':19 'bore':4 'cow':12 'encino':2 'explor':17 'face':15 'india':20 'jeopardi':1 'mad':11 'man':8 'must':14 'panorama':5"
484,"Jerk Paycheck","A Touching Character Study of a Pastry Chef And a Database Administrator who must Reach a A Shark in Ancient Japan",2006,1,3,2.99,172,13.99,"NC-17","2013-05-26 14:50:58.951","{Trailers,Commentaries,""Deleted Scenes"",""Behind the Scenes""}","'administr':14 'ancient':22 'charact':5 'chef':10 'databas':13 'japan':23 'jerk':1 'must':16 'pastri':9 'paycheck':2 'reach':17 'shark':20 'studi':6 'touch':4"
485,"Jersey Sassy","A Lacklusture Documentary of a Madman And a Mad Cow who must Find a Feminist in Ancient Japan",2006,1,6,4.99,60,16.99,"PG","2013-05-26 14:50:58.951","{""Deleted Scenes"",""Behind the Scenes""}","'ancient':19 'cow':12 'documentari':5 'feminist':17 'find':15 'japan':20 'jersey':1 'lacklustur':4 'mad':11 'madman':8 'must':14 'sassi':2"
486,"Jet Neighbors","A Amazing Display of a Lumberjack And a Teacher who must Outrace a Woman in A U-Boat",2006,1,7,4.99,59,14.99,"R","2013-05-26 14:50:58.951","{Trailers,Commentaries,""Behind the Scenes""}","'amaz':4 'boat':21 'display':5 'jet':1 'lumberjack':8 'must':13 'neighbor':2 'outrac':14 'teacher':11 'u':20 'u-boat':19 'woman':16"
489,"Juggler Hardly","A Epic Story of a Mad Cow And a Astronaut who must Challenge a Car in California",2006,1,4,0.99,54,14.99,"PG-13","2013-05-26 14:50:58.951","{Trailers,Commentaries}","'astronaut':12 'california':19 'car':17 'challeng':15 'cow':9 'epic':4 'hard':2 'juggler':1 'mad':8 'must':14 'stori':5"
490,"Jumanji Blade","A Intrepid Yarn of a Husband And a Womanizer who must Pursue a Mad Scientist in New Orleans",2006,1,4,2.99,121,13.99,"G","2013-05-26 14:50:58.951","{Commentaries,""Behind the Scenes""}","'blade':2 'husband':8 'intrepid':4 'jumanji':1 'mad':16 'must':13 'new':19 'orlean':20 'pursu':14 'scientist':17 'woman':11 'yarn':5"
497,"Kill Brotherhood","A Touching Display of a Hunter And a Secret Agent who must Redeem a Husband in The Outback",2006,1,4,0.99,54,15.99,"G","2013-05-26 14:50:58.951","{Trailers,Commentaries}","'agent':12 'brotherhood':2 'display':5 'hunter':8 'husband':17 'kill':1 'must':14 'outback':20 'redeem':15 'secret':11 'touch':4"
506,"Lady Stage","A Beautiful Character Study of a Woman And a Man who must Pursue a Explorer in A U-Boat",2006,1,4,4.99,67,14.99,"PG","2013-05-26 14:50:58.951","{Trailers,""Deleted Scenes"",""Behind the Scenes""}","'beauti':4 'boat':22 'charact':5 'explor':17 'ladi':1 'man':12 'must':14 'pursu':15 'stage':2 'studi':6 'u':21 'u-boat':20 'woman':9"
507,"Ladybugs Armageddon","A Fateful Reflection of a Dog And a Mad Scientist who must Meet a Mad Scientist in New Orleans",2006,1,4,0.99,113,13.99,"NC-17","2013-05-26 14:50:58.951","{""Deleted Scenes""}","'armageddon':2 'dog':8 'fate':4 'ladybug':1 'mad':11,17 'meet':15 'must':14 'new':20 'orlean':21 'reflect':5 'scientist':12,18"
515,"Legally Secretary","A Astounding Tale of a A Shark And a Moose who must Meet a Womanizer in The Sahara Desert",2006,1,7,4.99,113,14.99,"PG","2013-05-26 14:50:58.951","{Trailers,Commentaries,""Behind the Scenes""}","'astound':4 'desert':21 'legal':1 'meet':15 'moos':12 'must':14 'sahara':20 'secretari':2 'shark':9 'tale':5 'woman':17"
518,"Liaisons Sweet","A Boring Drama of a A Shark And a Explorer who must Redeem a Waitress in The Canadian Rockies",2006,1,5,4.99,140,15.99,"PG","2013-05-26 14:50:58.951","{Commentaries,""Behind the Scenes""}","'bore':4 'canadian':20 'drama':5 'explor':12 'liaison':1 'must':14 'redeem':15 'rocki':21 'shark':9 'sweet':2 'waitress':17"
524,"Lion Uncut","A Intrepid Display of a Pastry Chef And a Cat who must Kill a A Shark in Ancient China",2006,1,6,0.99,50,13.99,"PG","2013-05-26 14:50:58.951","{Trailers,""Deleted Scenes""}","'ancient':20 'cat':12 'chef':9 'china':21 'display':5 'intrepid':4 'kill':15 'lion':1 'must':14 'pastri':8 'shark':18 'uncut':2"
529,"Lonely Elephant","A Intrepid Story of a Student And a Dog who must Challenge a Explorer in Soviet Georgia",2006,1,3,2.99,67,12.99,"G","2013-05-26 14:50:58.951","{Trailers,Commentaries,""Deleted Scenes"",""Behind the Scenes""}","'challeng':14 'dog':11 'eleph':2 'explor':16 'georgia':19 'intrepid':4 'lone':1 'must':13 'soviet':18 'stori':5 'student':8"
545,"Madness Attacks","A Fanciful Tale of a Squirrel And a Boat who must Defeat a Crocodile in The Gulf of Mexico",2006,1,4,0.99,178,14.99,"PG-13","2013-05-26 14:50:58.951","{Trailers}","'attack':2 'boat':11 'crocodil':16 'defeat':14 'fanci':4 'gulf':19 'mad':1 'mexico':21 'must':13 'squirrel':8 'tale':5"
552,"Majestic Floats","A Thrilling Character Study of a Moose And a Student who must Escape a Butler in The First Manned Space Station",2006,1,5,0.99,130,15.99,"PG","2013-05-26 14:50:58.951","{Trailers}","'butler':17 'charact':5 'escap':15 'first':20 'float':2 'majest':1 'man':21 'moos':9 'must':14 'space':22 'station':23 'student':12 'studi':6 'thrill':4"
553,"Maker Gables","A Stunning Display of a Moose And a Database Administrator who must Pursue a Composer in A Jet Boat",2006,1,4,0.99,136,12.99,"PG-13","2013-05-26 14:50:58.951","{""Deleted Scenes"",""Behind the Scenes""}","'administr':12 'boat':21 'compos':17 'databas':11 'display':5 'gabl':2 'jet':20 'maker':1 'moos':8 'must':14 'pursu':15 'stun':4"
562,"Masked Bubble","A Fanciful Documentary of a Pioneer And a Boat who must Pursue a Pioneer in An Abandoned Mine Shaft",2006,1,6,0.99,151,12.99,"PG-13","2013-05-26 14:50:58.951","{Commentaries,""Behind the Scenes""}","'abandon':19 'boat':11 'bubbl':2 'documentari':5 'fanci':4 'mask':1 'mine':20 'must':13 'pioneer':8,16 'pursu':14 'shaft':21"
563,"Massacre Usual","A Fateful Reflection of a Waitress And a Crocodile who must Challenge a Forensic Psychologist in California",2006,1,6,4.99,165,16.99,"R","2013-05-26 14:50:58.951","{Commentaries}","'california':19 'challeng':14 'crocodil':11 'fate':4 'forens':16 'massacr':1 'must':13 'psychologist':17 'reflect':5 'usual':2 'waitress':8"
576,"Mighty Luck","A Astounding Epistle of a Mad Scientist And a Pioneer who must Escape a Database Administrator in A MySQL Convention",2006,1,7,2.99,122,13.99,"PG","2013-05-26 14:50:58.951","{""Behind the Scenes""}","'administr':18 'astound':4 'convent':22 'databas':17 'epistl':5 'escap':15 'luck':2 'mad':8 'mighti':1 'must':14 'mysql':21 'pioneer':12 'scientist':9"
578,"Million Ace","A Brilliant Documentary of a Womanizer And a Squirrel who must Find a Technical Writer in The Sahara Desert",2006,1,4,4.99,142,16.99,"PG-13","2013-05-26 14:50:58.951","{""Deleted Scenes""}","'ace':2 'brilliant':4 'desert':21 'documentari':5 'find':14 'million':1 'must':13 'sahara':20 'squirrel':11 'technic':16 'woman':8 'writer':17"
580,"Mine Titans","A Amazing Yarn of a Robot And a Womanizer who must Discover a Forensic Psychologist in Berlin",2006,1,3,4.99,166,12.99,"PG-13","2013-05-26 14:50:58.951","{Trailers,""Deleted Scenes""}","'amaz':4 'berlin':19 'discov':14 'forens':16 'mine':1 'must':13 'psychologist':17 'robot':8 'titan':2 'woman':11 'yarn':5"
581,"Minority Kiss","A Insightful Display of a Lumberjack And a Sumo Wrestler who must Meet a Man in The Outback",2006,1,4,0.99,59,16.99,"G","2013-05-26 14:50:58.951","{Trailers}","'display':5 'insight':4 'kiss':2 'lumberjack':8 'man':17 'meet':15 'minor':1 'must':14 'outback':20 'sumo':11 'wrestler':12"
593,"Monterey Labyrinth","A Awe-Inspiring Drama of a Monkey And a Composer who must Escape a Feminist in A U-Boat",2006,1,6,0.99,158,13.99,"G","2013-05-26 14:50:58.951","{Trailers,Commentaries}","'awe':5 'awe-inspir':4 'boat':23 'compos':13 'drama':7 'escap':16 'feminist':18 'inspir':6 'labyrinth':2 'monkey':10 'monterey':1 'must':15 'u':22 'u-boat':21"
597,"Moonwalker Fool","A Epic Drama of a Feminist And a Pioneer who must Sink a Composer in New Orleans",2006,1,5,4.99,184,12.99,"G","2013-05-26 14:50:58.951","{Trailers,""Deleted Scenes""}","'compos':16 'drama':5 'epic':4 'feminist':8 'fool':2 'moonwalk':1 'must':13 'new':18 'orlean':19 'pioneer':11 'sink':14"
600,"Motions Details","A Awe-Inspiring Reflection of a Dog And a Student who must Kill a Car in An Abandoned Fun House",2006,1,5,0.99,166,16.99,"PG","2013-05-26 14:50:58.951","{Trailers,Commentaries,""Behind the Scenes""}","'abandon':21 'awe':5 'awe-inspir':4 'car':18 'detail':2 'dog':10 'fun':22 'hous':23 'inspir':6 'kill':16 'motion':1 'must':15 'reflect':7 'student':13"
602,"Mourning Purple","A Lacklusture Display of a Waitress And a Lumberjack who must Chase a Pioneer in New Orleans",2006,1,5,0.99,146,14.99,"PG","2013-05-26 14:50:58.951","{Trailers,Commentaries,""Deleted Scenes"",""Behind the Scenes""}","'chase':14 'display':5 'lacklustur':4 'lumberjack':11 'mourn':1 'must':13 'new':18 'orlean':19 'pioneer':16 'purpl':2 'waitress':8"
605,"Mulholland Beast","A Awe-Inspiring Display of a Husband And a Squirrel who must Battle a Sumo Wrestler in A Jet Boat",2006,1,7,2.99,157,13.99,"PG","2013-05-26 14:50:58.951","{Trailers,""Deleted Scenes"",""Behind the Scenes""}","'awe':5 'awe-inspir':4 'battl':16 'beast':2 'boat':23 'display':7 'husband':10 'inspir':6 'jet':22 'mulholland':1 'must':15 'squirrel':13 'sumo':18 'wrestler':19"
606,"Mummy Creatures","A Fateful Character Study of a Crocodile And a Monkey who must Meet a Dentist in Australia",2006,1,3,0.99,160,15.99,"NC-17","2013-05-26 14:50:58.951","{Trailers,""Behind the Scenes""}","'australia':19 'charact':5 'creatur':2 'crocodil':9 'dentist':17 'fate':4 'meet':15 'monkey':12 'mummi':1 'must':14 'studi':6"
626,"Noon Papi","A Unbelieveable Character Study of a Mad Scientist And a Astronaut who must Find a Pioneer in A Manhattan Penthouse",2006,1,5,2.99,57,12.99,"G","2013-05-26 14:50:58.951","{""Behind the Scenes""}","'astronaut':13 'charact':5 'find':16 'mad':9 'manhattan':21 'must':15 'noon':1 'papi':2 'penthous':22 'pioneer':18 'scientist':10 'studi':6 'unbeliev':4"
634,"Odds Boogie","A Thrilling Yarn of a Feminist And a Madman who must Battle a Hunter in Berlin",2006,1,6,0.99,48,14.99,"NC-17","2013-05-26 14:50:58.951","{Trailers,Commentaries,""Behind the Scenes""}","'battl':14 'berlin':18 'boogi':2 'feminist':8 'hunter':16 'madman':11 'must':13 'odd':1 'thrill':4 'yarn':5"
635,"Oklahoma Jumanji","A Thoughtful Drama of a Dentist And a Womanizer who must Meet a Husband in The Sahara Desert",2006,1,7,0.99,58,15.99,"PG","2013-05-26 14:50:58.951","{""Behind the Scenes""}","'dentist':8 'desert':20 'drama':5 'husband':16 'jumanji':2 'meet':14 'must':13 'oklahoma':1 'sahara':19 'thought':4 'woman':11"
636,"Oleander Clue","A Boring Story of a Teacher And a Monkey who must Succumb a Forensic Psychologist in A Jet Boat",2006,1,5,0.99,161,12.99,"PG","2013-05-26 14:50:58.951","{Commentaries,""Deleted Scenes""}","'boat':21 'bore':4 'clue':2 'forens':16 'jet':20 'monkey':11 'must':13 'oleand':1 'psychologist':17 'stori':5 'succumb':14 'teacher':8"
637,"Open African","A Lacklusture Drama of a Secret Agent And a Explorer who must Discover a Car in A U-Boat",2006,1,7,4.99,131,16.99,"PG","2013-05-26 14:50:58.951","{Trailers,Commentaries}","'african':2 'agent':9 'boat':22 'car':17 'discov':15 'drama':5 'explor':12 'lacklustur':4 'must':14 'open':1 'secret':8 'u':21 'u-boat':20"
642,"Order Betrayed","A Amazing Saga of a Dog And a A Shark who must Challenge a Cat in The Sahara Desert",2006,1,7,2.99,120,13.99,"PG-13","2013-05-26 14:50:58.951","{""Deleted Scenes"",""Behind the Scenes""}","'amaz':4 'betray':2 'cat':17 'challeng':15 'desert':21 'dog':8 'must':14 'order':1 'saga':5 'sahara':20 'shark':12"
646,"Outbreak Divine","A Unbelieveable Yarn of a Database Administrator And a Woman who must Succumb a A Shark in A U-Boat",2006,1,6,0.99,169,12.99,"NC-17","2013-05-26 14:50:58.951","{Trailers,""Deleted Scenes"",""Behind the Scenes""}","'administr':9 'boat':23 'databas':8 'divin':2 'must':14 'outbreak':1 'shark':18 'succumb':15 'u':22 'u-boat':21 'unbeliev':4 'woman':12 'yarn':5"
649,"Oz Liaisons","A Epic Yarn of a Mad Scientist And a Cat who must Confront a Womanizer in A Baloon Factory",2006,1,4,2.99,85,14.99,"R","2013-05-26 14:50:58.951","{Commentaries,""Deleted Scenes"",""Behind the Scenes""}","'baloon':20 'cat':12 'confront':15 'epic':4 'factori':21 'liaison':2 'mad':8 'must':14 'oz':1 'scientist':9 'woman':17 'yarn':5"
652,"Pajama Jawbreaker","A Emotional Drama of a Boy And a Technical Writer who must Redeem a Sumo Wrestler in California",2006,1,3,0.99,126,14.99,"R","2013-05-26 14:50:58.951","{Trailers,""Deleted Scenes""}","'boy':8 'california':20 'drama':5 'emot':4 'jawbreak':2 'must':14 'pajama':1 'redeem':15 'sumo':17 'technic':11 'wrestler':18 'writer':12"
653,"Panic Club","A Fanciful Display of a Teacher And a Crocodile who must Succumb a Girl in A Baloon",2006,1,3,4.99,102,15.99,"G","2013-05-26 14:50:58.951","{Commentaries,""Deleted Scenes""}","'baloon':19 'club':2 'crocodil':11 'display':5 'fanci':4 'girl':16 'must':13 'panic':1 'succumb':14 'teacher':8"
657,"Paradise Sabrina","A Intrepid Yarn of a Car And a Moose who must Outrace a Crocodile in A Manhattan Penthouse",2006,1,5,2.99,48,12.99,"PG-13","2013-05-26 14:50:58.951","{Commentaries,""Deleted Scenes"",""Behind the Scenes""}","'car':8 'crocodil':16 'intrepid':4 'manhattan':19 'moos':11 'must':13 'outrac':14 'paradis':1 'penthous':20 'sabrina':2 'yarn':5"
659,"Park Citizen","A Taut Epistle of a Sumo Wrestler And a Girl who must Face a Husband in Ancient Japan",2006,1,3,4.99,109,14.99,"PG-13","2013-05-26 14:50:58.951","{Trailers,""Deleted Scenes""}","'ancient':19 'citizen':2 'epistl':5 'face':15 'girl':12 'husband':17 'japan':20 'must':14 'park':1 'sumo':8 'taut':4 'wrestler':9"
664,"Patriot Roman","A Taut Saga of a Robot And a Database Administrator who must Challenge a Astronaut in California",2006,1,6,2.99,65,12.99,"PG","2013-05-26 14:50:58.951","{Trailers,""Deleted Scenes""}","'administr':12 'astronaut':17 'california':19 'challeng':15 'databas':11 'must':14 'patriot':1 'robot':8 'roman':2 'saga':5 'taut':4"
676,"Philadelphia Wife","A Taut Yarn of a Hunter And a Astronaut who must Conquer a Database Administrator in The Sahara Desert",2006,1,7,4.99,137,16.99,"PG-13","2013-05-26 14:50:58.951","{Trailers,Commentaries,""Deleted Scenes""}","'administr':17 'astronaut':11 'conquer':14 'databas':16 'desert':21 'hunter':8 'must':13 'philadelphia':1 'sahara':20 'taut':4 'wife':2 'yarn':5"
687,"Pocus Pulp","A Intrepid Yarn of a Frisbee And a Dog who must Build a Astronaut in A Baloon Factory",2006,1,6,0.99,138,15.99,"NC-17","2013-05-26 14:50:58.951","{Commentaries,""Deleted Scenes"",""Behind the Scenes""}","'astronaut':16 'baloon':19 'build':14 'dog':11 'factori':20 'frisbe':8 'intrepid':4 'must':13 'pocus':1 'pulp':2 'yarn':5"
688,"Polish Brooklyn","A Boring Character Study of a Database Administrator And a Lumberjack who must Reach a Madman in The Outback",2006,1,6,0.99,61,12.99,"PG","2013-05-26 14:50:58.951","{Trailers,Commentaries,""Deleted Scenes"",""Behind the Scenes""}","'administr':10 'bore':4 'brooklyn':2 'charact':5 'databas':9 'lumberjack':13 'madman':18 'must':15 'outback':21 'polish':1 'reach':16 'studi':6"
689,"Pollock Deliverance","A Intrepid Story of a Madman And a Frisbee who must Outgun a Boat in The Sahara Desert",2006,1,5,2.99,137,14.99,"PG","2013-05-26 14:50:58.951","{Commentaries}","'boat':16 'deliver':2 'desert':20 'frisbe':11 'intrepid':4 'madman':8 'must':13 'outgun':14 'pollock':1 'sahara':19 'stori':5"
693,"Potter Connecticut","A Thrilling Epistle of a Frisbee And a Cat who must Fight a Technical Writer in Berlin",2006,1,5,2.99,115,16.99,"PG","2013-05-26 14:50:58.951","{Trailers,Commentaries}","'berlin':19 'cat':11 'connecticut':2 'epistl':5 'fight':14 'frisbe':8 'must':13 'potter':1 'technic':16 'thrill':4 'writer':17"
694,"Prejudice Oleander","A Epic Saga of a Boy And a Dentist who must Outrace a Madman in A U-Boat",2006,1,6,4.99,98,15.99,"PG-13","2013-05-26 14:50:58.951","{Trailers,Commentaries,""Deleted Scenes""}","'boat':21 'boy':8 'dentist':11 'epic':4 'madman':16 'must':13 'oleand':2 'outrac':14 'prejudic':1 'saga':5 'u':20 'u-boat':19"
695,"President Bang","A Fateful Panorama of a Technical Writer And a Moose who must Battle a Robot in Soviet Georgia",2006,1,6,4.99,144,12.99,"PG","2013-05-26 14:50:58.951","{""Behind the Scenes""}","'bang':2 'battl':15 'fate':4 'georgia':20 'moos':12 'must':14 'panorama':5 'presid':1 'robot':17 'soviet':19 'technic':8 'writer':9"
697,"Primary Glass","A Fateful Documentary of a Pastry Chef And a Butler who must Build a Dog in The Canadian Rockies",2006,1,7,0.99,53,16.99,"G","2013-05-26 14:50:58.951","{Trailers,""Deleted Scenes"",""Behind the Scenes""}","'build':15 'butler':12 'canadian':20 'chef':9 'documentari':5 'dog':17 'fate':4 'glass':2 'must':14 'pastri':8 'primari':1 'rocki':21"
700,"Prix Undefeated","A Stunning Saga of a Mad Scientist And a Boat who must Overcome a Dentist in Ancient China",2006,1,4,2.99,115,13.99,"R","2013-05-26 14:50:58.951","{Trailers,""Deleted Scenes""}","'ancient':19 'boat':12 'china':20 'dentist':17 'mad':8 'must':14 'overcom':15 'prix':1 'saga':5 'scientist':9 'stun':4 'undef':2"
702,"Pulp Beverly","A Unbelieveable Display of a Dog And a Crocodile who must Outrace a Man in Nigeria",2006,1,4,2.99,89,12.99,"G","2013-05-26 14:50:58.951","{Trailers,""Behind the Scenes""}","'bever':2 'crocodil':11 'display':5 'dog':8 'man':16 'must':13 'nigeria':18 'outrac':14 'pulp':1 'unbeliev':4"
713,"Rainbow Shock","A Action-Packed Story of a Hunter And a Boy who must Discover a Lumberjack in Ancient India",2006,1,3,4.99,74,14.99,"PG","2013-05-26 14:50:58.951","{Trailers,Commentaries,""Deleted Scenes"",""Behind the Scenes""}","'action':5 'action-pack':4 'ancient':20 'boy':13 'discov':16 'hunter':10 'india':21 'lumberjack':18 'must':15 'pack':6 'rainbow':1 'shock':2 'stori':7"
724,"Remember Diary","A Insightful Tale of a Technical Writer And a Waitress who must Conquer a Monkey in Ancient India",2006,1,5,2.99,110,15.99,"R","2013-05-26 14:50:58.951","{Trailers,Commentaries}","'ancient':19 'conquer':15 'diari':2 'india':20 'insight':4 'monkey':17 'must':14 'rememb':1 'tale':5 'technic':8 'waitress':12 'writer':9"
727,"Resurrection Silverado","A Epic Yarn of a Robot And a Explorer who must Challenge a Girl in A MySQL Convention",2006,1,6,0.99,117,12.99,"PG","2013-05-26 14:50:58.951","{Trailers,""Deleted Scenes""}","'challeng':14 'convent':20 'epic':4 'explor':11 'girl':16 'must':13 'mysql':19 'resurrect':1 'robot':8 'silverado':2 'yarn':5"
734,"Road Roxanne","A Boring Character Study of a Waitress And a Astronaut who must Fight a Crocodile in Ancient Japan",2006,1,4,4.99,158,12.99,"R","2013-05-26 14:50:58.951","{""Behind the Scenes""}","'ancient':19 'astronaut':12 'bore':4 'charact':5 'crocodil':17 'fight':15 'japan':20 'must':14 'road':1 'roxann':2 'studi':6 'waitress':9"
740,"Rollercoaster Bringing","A Beautiful Drama of a Robot And a Lumberjack who must Discover a Technical Writer in A Shark Tank",2006,1,5,2.99,153,13.99,"PG-13","2013-05-26 14:50:58.951","{Trailers,Commentaries,""Deleted Scenes""}","'beauti':4 'bring':2 'discov':14 'drama':5 'lumberjack':11 'must':13 'robot':8 'rollercoast':1 'shark':20 'tank':21 'technic':16 'writer':17"
748,"Rugrats Shakespeare","A Touching Saga of a Crocodile And a Crocodile who must Discover a Technical Writer in Nigeria",2006,1,4,0.99,109,16.99,"PG-13","2013-05-26 14:50:58.951","{Trailers,Commentaries,""Deleted Scenes"",""Behind the Scenes""}","'crocodil':8,11 'discov':14 'must':13 'nigeria':19 'rugrat':1 'saga':5 'shakespear':2 'technic':16 'touch':4 'writer':17"
767,"Scalawag Duck","A Fateful Reflection of a Car And a Teacher who must Confront a Waitress in A Monastery",2006,1,6,4.99,183,13.99,"NC-17","2013-05-26 14:50:58.951","{Commentaries,""Behind the Scenes""}","'car':8 'confront':14 'duck':2 'fate':4 'monasteri':19 'must':13 'reflect':5 'scalawag':1 'teacher':11 'waitress':16"
770,"Scissorhands Slums","A Awe-Inspiring Drama of a Girl And a Technical Writer who must Meet a Feminist in The Canadian Rockies",2006,1,5,2.99,147,13.99,"G","2013-05-26 14:50:58.951","{Commentaries,""Deleted Scenes"",""Behind the Scenes""}","'awe':5 'awe-inspir':4 'canadian':22 'drama':7 'feminist':19 'girl':10 'inspir':6 'meet':17 'must':16 'rocki':23 'scissorhand':1 'slum':2 'technic':13 'writer':14"
788,"Ship Wonderland","A Thrilling Saga of a Monkey And a Frisbee who must Escape a Explorer in The Outback",2006,1,5,2.99,104,15.99,"R","2013-05-26 14:50:58.951","{Commentaries}","'escap':14 'explor':16 'frisbe':11 'monkey':8 'must':13 'outback':19 'saga':5 'ship':1 'thrill':4 'wonderland':2"
780,"Sensibility Rear","A Emotional Tale of a Robot And a Sumo Wrestler who must Redeem a Pastry Chef in A Baloon Factory",2006,1,7,4.99,98,15.99,"PG","2013-05-26 14:50:58.951","{""Behind the Scenes""}","'baloon':21 'chef':18 'emot':4 'factori':22 'must':14 'pastri':17 'rear':2 'redeem':15 'robot':8 'sensibl':1 'sumo':11 'tale':5 'wrestler':12"
781,"Seven Swarm","A Unbelieveable Character Study of a Dog And a Mad Cow who must Kill a Monkey in Berlin",2006,1,4,4.99,127,15.99,"R","2013-05-26 14:50:58.951","{""Deleted Scenes""}","'berlin':20 'charact':5 'cow':13 'dog':9 'kill':16 'mad':12 'monkey':18 'must':15 'seven':1 'studi':6 'swarm':2 'unbeliev':4"
786,"Shepherd Midsummer","A Thoughtful Drama of a Robot And a Womanizer who must Kill a Lumberjack in A Baloon",2006,1,7,0.99,113,14.99,"R","2013-05-26 14:50:58.951","{""Deleted Scenes""}","'baloon':19 'drama':5 'kill':14 'lumberjack':16 'midsumm':2 'must':13 'robot':8 'shepherd':1 'thought':4 'woman':11"
787,"Shining Roses","A Awe-Inspiring Character Study of a Astronaut And a Forensic Psychologist who must Challenge a Madman in Ancient India",2006,1,4,0.99,125,12.99,"G","2013-05-26 14:50:58.951","{Trailers,Commentaries,""Deleted Scenes"",""Behind the Scenes""}","'ancient':22 'astronaut':11 'awe':5 'awe-inspir':4 'challeng':18 'charact':7 'forens':14 'india':23 'inspir':6 'madman':20 'must':17 'psychologist':15 'rose':2 'shine':1 'studi':8"
789,"Shock Cabin","A Fateful Tale of a Mad Cow And a Crocodile who must Meet a Husband in New Orleans",2006,1,7,2.99,79,15.99,"PG-13","2013-05-26 14:50:58.951","{Trailers,Commentaries,""Behind the Scenes""}","'cabin':2 'cow':9 'crocodil':12 'fate':4 'husband':17 'mad':8 'meet':15 'must':14 'new':19 'orlean':20 'shock':1 'tale':5"
792,"Shrek License","A Fateful Yarn of a Secret Agent And a Feminist who must Find a Feminist in A Jet Boat",2006,1,7,2.99,154,15.99,"PG-13","2013-05-26 14:50:58.951","{Commentaries}","'agent':9 'boat':21 'fate':4 'feminist':12,17 'find':15 'jet':20 'licens':2 'must':14 'secret':8 'shrek':1 'yarn':5"
793,"Shrunk Divine","A Fateful Character Study of a Waitress And a Technical Writer who must Battle a Hunter in A Baloon",2006,1,6,2.99,139,14.99,"R","2013-05-26 14:50:58.951","{Trailers,""Deleted Scenes"",""Behind the Scenes""}","'baloon':21 'battl':16 'charact':5 'divin':2 'fate':4 'hunter':18 'must':15 'shrunk':1 'studi':6 'technic':12 'waitress':9 'writer':13"
796,"Sierra Divide","A Emotional Character Study of a Frisbee And a Mad Scientist who must Build a Madman in California",2006,1,3,0.99,135,12.99,"NC-17","2013-05-26 14:50:58.951","{Commentaries,""Deleted Scenes""}","'build':16 'california':20 'charact':5 'divid':2 'emot':4 'frisbe':9 'mad':12 'madman':18 'must':15 'scientist':13 'sierra':1 'studi':6"
802,"Sky Miracle","A Epic Drama of a Mad Scientist And a Explorer who must Succumb a Waitress in An Abandoned Fun House",2006,1,7,2.99,132,15.99,"PG","2013-05-26 14:50:58.951","{Trailers,Commentaries,""Deleted Scenes""}","'abandon':20 'drama':5 'epic':4 'explor':12 'fun':21 'hous':22 'mad':8 'miracl':2 'must':14 'scientist':9 'sky':1 'succumb':15 'waitress':17"
804,"Sleeping Suspects","A Stunning Reflection of a Sumo Wrestler And a Explorer who must Sink a Frisbee in A MySQL Convention",2006,1,7,4.99,129,13.99,"PG-13","2013-05-26 14:50:58.951","{Trailers,Commentaries}","'convent':21 'explor':12 'frisbe':17 'must':14 'mysql':20 'reflect':5 'sink':15 'sleep':1 'stun':4 'sumo':8 'suspect':2 'wrestler':9"
805,"Sleepless Monsoon","A Amazing Saga of a Moose And a Pastry Chef who must Escape a Butler in Australia",2006,1,5,4.99,64,12.99,"G","2013-05-26 14:50:58.951","{Trailers,""Deleted Scenes"",""Behind the Scenes""}","'amaz':4 'australia':19 'butler':17 'chef':12 'escap':15 'monsoon':2 'moos':8 'must':14 'pastri':11 'saga':5 'sleepless':1"
809,"Slipper Fidelity","A Taut Reflection of a Secret Agent And a Man who must Redeem a Explorer in A MySQL Convention",2006,1,5,0.99,156,14.99,"PG-13","2013-05-26 14:50:58.951","{Trailers,""Deleted Scenes""}","'agent':9 'convent':21 'explor':17 'fidel':2 'man':12 'must':14 'mysql':20 'redeem':15 'reflect':5 'secret':8 'slipper':1 'taut':4"
812,"Smoking Barbarella","A Lacklusture Saga of a Mad Cow And a Mad Scientist who must Sink a Cat in A MySQL Convention",2006,1,7,0.99,50,13.99,"PG-13","2013-05-26 14:50:58.951","{""Behind the Scenes""}","'barbarella':2 'cat':18 'convent':22 'cow':9 'lacklustur':4 'mad':8,12 'must':15 'mysql':21 'saga':5 'scientist':13 'sink':16 'smoke':1"
814,"Snatch Slipper","A Insightful Panorama of a Woman And a Feminist who must Defeat a Forensic Psychologist in Berlin",2006,1,6,4.99,110,15.99,"PG","2013-05-26 14:50:58.951","{Commentaries}","'berlin':19 'defeat':14 'feminist':11 'forens':16 'insight':4 'must':13 'panorama':5 'psychologist':17 'slipper':2 'snatch':1 'woman':8"
815,"Snatchers Montezuma","A Boring Epistle of a Sumo Wrestler And a Woman who must Escape a Man in The Canadian Rockies",2006,1,4,2.99,74,14.99,"PG-13","2013-05-26 14:50:58.951","{Commentaries}","'bore':4 'canadian':20 'epistl':5 'escap':15 'man':17 'montezuma':2 'must':14 'rocki':21 'snatcher':1 'sumo':8 'woman':12 'wrestler':9"
822,"Soup Wisdom","A Fast-Paced Display of a Robot And a Butler who must Defeat a Butler in A MySQL Convention",2006,1,6,0.99,169,12.99,"R","2013-05-26 14:50:58.951","{""Behind the Scenes""}","'butler':13,18 'convent':22 'defeat':16 'display':7 'fast':5 'fast-pac':4 'must':15 'mysql':21 'pace':6 'robot':10 'soup':1 'wisdom':2"
828,"Spiking Element","A Lacklusture Epistle of a Dentist And a Technical Writer who must Find a Dog in A Monastery",2006,1,7,2.99,79,12.99,"G","2013-05-26 14:50:58.951","{Trailers,""Deleted Scenes"",""Behind the Scenes""}","'dentist':8 'dog':17 'element':2 'epistl':5 'find':15 'lacklustur':4 'monasteri':20 'must':14 'spike':1 'technic':11 'writer':12"
829,"Spinal Rocky","A Lacklusture Epistle of a Sumo Wrestler And a Squirrel who must Defeat a Explorer in California",2006,1,7,2.99,138,12.99,"PG-13","2013-05-26 14:50:58.951","{Commentaries,""Deleted Scenes""}","'california':19 'defeat':15 'epistl':5 'explor':17 'lacklustur':4 'must':14 'rocki':2 'spinal':1 'squirrel':12 'sumo':8 'wrestler':9"
832,"Splash Gump","A Taut Saga of a Crocodile And a Boat who must Conquer a Hunter in A Shark Tank",2006,1,5,0.99,175,16.99,"PG","2013-05-26 14:50:58.951","{Trailers,Commentaries,""Deleted Scenes"",""Behind the Scenes""}","'boat':11 'conquer':14 'crocodil':8 'gump':2 'hunter':16 'must':13 'saga':5 'shark':19 'splash':1 'tank':20 'taut':4"
835,"Spy Mile","A Thrilling Documentary of a Feminist And a Feminist who must Confront a Feminist in A Baloon",2006,1,6,2.99,112,13.99,"PG-13","2013-05-26 14:50:58.951","{Trailers,Commentaries,""Deleted Scenes"",""Behind the Scenes""}","'baloon':19 'confront':14 'documentari':5 'feminist':8,11,16 'mile':2 'must':13 'spi':1 'thrill':4"
836,"Squad Fish","A Fast-Paced Display of a Pastry Chef And a Dog who must Kill a Teacher in Berlin",2006,1,3,2.99,136,14.99,"PG","2013-05-26 14:50:58.951","{Commentaries,""Deleted Scenes"",""Behind the Scenes""}","'berlin':21 'chef':11 'display':7 'dog':14 'fast':5 'fast-pac':4 'fish':2 'kill':17 'must':16 'pace':6 'pastri':10 'squad':1 'teacher':19"
842,"State Wasteland","A Beautiful Display of a Cat And a Pastry Chef who must Outrace a Mad Cow in A Jet Boat",2006,1,4,2.99,113,13.99,"NC-17","2013-05-26 14:50:58.951","{Trailers,Commentaries,""Deleted Scenes"",""Behind the Scenes""}","'beauti':4 'boat':22 'cat':8 'chef':12 'cow':18 'display':5 'jet':21 'mad':17 'must':14 'outrac':15 'pastri':11 'state':1 'wasteland':2"
843,"Steel Santa","A Fast-Paced Yarn of a Composer And a Frisbee who must Face a Moose in Nigeria",2006,1,4,4.99,143,15.99,"NC-17","2013-05-26 14:50:58.951","{Commentaries,""Deleted Scenes""}","'compos':10 'face':16 'fast':5 'fast-pac':4 'frisbe':13 'moos':18 'must':15 'nigeria':20 'pace':6 'santa':2 'steel':1 'yarn':7"
844,"Steers Armageddon","A Stunning Character Study of a Car And a Girl who must Succumb a Car in A MySQL Convention",2006,1,6,4.99,140,16.99,"PG","2013-05-26 14:50:58.951","{Trailers,Commentaries,""Deleted Scenes"",""Behind the Scenes""}","'armageddon':2 'car':9,17 'charact':5 'convent':21 'girl':12 'must':14 'mysql':20 'steer':1 'studi':6 'stun':4 'succumb':15"
853,"Stranger Strangers","A Awe-Inspiring Yarn of a Womanizer And a Explorer who must Fight a Woman in The First Manned Space Station",2006,1,3,4.99,139,12.99,"G","2013-05-26 14:50:58.951","{Commentaries,""Deleted Scenes""}","'awe':5 'awe-inspir':4 'explor':13 'fight':16 'first':21 'inspir':6 'man':22 'must':15 'space':23 'station':24 'stranger':1,2 'woman':10,18 'yarn':7"
890,"Tights Dawn","A Thrilling Epistle of a Boat And a Secret Agent who must Face a Boy in A Baloon",2006,1,5,0.99,172,14.99,"R","2013-05-26 14:50:58.951","{Trailers,""Behind the Scenes""}","'agent':12 'baloon':20 'boat':8 'boy':17 'dawn':2 'epistl':5 'face':15 'must':14 'secret':11 'thrill':4 'tight':1"
860,"Suicides Silence","A Emotional Character Study of a Car And a Girl who must Face a Composer in A U-Boat",2006,1,4,4.99,93,13.99,"G","2013-05-26 14:50:58.951","{""Deleted Scenes""}","'boat':22 'car':9 'charact':5 'compos':17 'emot':4 'face':15 'girl':12 'must':14 'silenc':2 'studi':6 'suicid':1 'u':21 'u-boat':20"
861,"Suit Walls","A Touching Panorama of a Lumberjack And a Frisbee who must Build a Dog in Australia",2006,1,3,4.99,111,12.99,"R","2013-05-26 14:50:58.951","{Commentaries}","'australia':18 'build':14 'dog':16 'frisbe':11 'lumberjack':8 'must':13 'panorama':5 'suit':1 'touch':4 'wall':2"
870,"Swarm Gold","A Insightful Panorama of a Crocodile And a Boat who must Conquer a Sumo Wrestler in A MySQL Convention",2006,1,4,0.99,123,12.99,"PG-13","2013-05-26 14:50:58.951","{Trailers,Commentaries}","'boat':11 'conquer':14 'convent':21 'crocodil':8 'gold':2 'insight':4 'must':13 'mysql':20 'panorama':5 'sumo':16 'swarm':1 'wrestler':17"
891,"Timberland Sky","A Boring Display of a Man And a Dog who must Redeem a Girl in A U-Boat",2006,1,3,0.99,69,13.99,"G","2013-05-26 14:50:58.951","{Commentaries}","'boat':21 'bore':4 'display':5 'dog':11 'girl':16 'man':8 'must':13 'redeem':14 'sky':2 'timberland':1 'u':20 'u-boat':19"
873,"Sweethearts Suspects","A Brilliant Character Study of a Frisbee And a Sumo Wrestler who must Confront a Woman in The Gulf of Mexico",2006,1,3,0.99,108,13.99,"G","2013-05-26 14:50:58.951","{Trailers,Commentaries,""Deleted Scenes"",""Behind the Scenes""}","'brilliant':4 'charact':5 'confront':16 'frisbe':9 'gulf':21 'mexico':23 'must':15 'studi':6 'sumo':12 'suspect':2 'sweetheart':1 'woman':18 'wrestler':13"
874,"Tadpole Park","A Beautiful Tale of a Frisbee And a Moose who must Vanquish a Dog in An Abandoned Amusement Park",2006,1,6,2.99,155,13.99,"PG","2013-05-26 14:50:58.951","{Trailers,Commentaries}","'abandon':19 'amus':20 'beauti':4 'dog':16 'frisbe':8 'moos':11 'must':13 'park':2,21 'tadpol':1 'tale':5 'vanquish':14"
881,"Temple Attraction","A Action-Packed Saga of a Forensic Psychologist And a Woman who must Battle a Womanizer in Soviet Georgia",2006,1,5,4.99,71,13.99,"PG","2013-05-26 14:50:58.951","{Commentaries,""Deleted Scenes""}","'action':5 'action-pack':4 'attract':2 'battl':17 'forens':10 'georgia':22 'must':16 'pack':6 'psychologist':11 'saga':7 'soviet':21 'templ':1 'woman':14,19"
899,"Towers Hurricane","A Fateful Display of a Monkey And a Car who must Sink a Husband in A MySQL Convention",2006,1,7,0.99,144,14.99,"NC-17","2013-05-26 14:50:58.951","{Commentaries,""Behind the Scenes""}","'car':11 'convent':20 'display':5 'fate':4 'hurrican':2 'husband':16 'monkey':8 'must':13 'mysql':19 'sink':14 'tower':1"
903,"Traffic Hobbit","A Amazing Epistle of a Squirrel And a Lumberjack who must Succumb a Database Administrator in A U-Boat",2006,1,5,4.99,139,13.99,"G","2013-05-26 14:50:58.951","{Trailers,Commentaries}","'administr':17 'amaz':4 'boat':22 'databas':16 'epistl':5 'hobbit':2 'lumberjack':11 'must':13 'squirrel':8 'succumb':14 'traffic':1 'u':21 'u-boat':20"
911,"Trip Newton","A Fanciful Character Study of a Lumberjack And a Car who must Discover a Cat in An Abandoned Amusement Park",2006,1,7,4.99,64,14.99,"PG-13","2013-05-26 14:50:58.951","{Commentaries,""Deleted Scenes""}","'abandon':20 'amus':21 'car':12 'cat':17 'charact':5 'discov':15 'fanci':4 'lumberjack':9 'must':14 'newton':2 'park':22 'studi':6 'trip':1"
914,"Trouble Date","A Lacklusture Panorama of a Forensic Psychologist And a Woman who must Kill a Explorer in Ancient Japan",2006,1,6,2.99,61,13.99,"PG","2013-05-26 14:50:58.951","{Trailers,Commentaries,""Behind the Scenes""}","'ancient':19 'date':2 'explor':17 'forens':8 'japan':20 'kill':15 'lacklustur':4 'must':14 'panorama':5 'psychologist':9 'troubl':1 'woman':12"
920,"Unbreakable Karate","A Amazing Character Study of a Robot And a Student who must Chase a Robot in Australia",2006,1,3,0.99,62,16.99,"G","2013-05-26 14:50:58.951","{""Deleted Scenes"",""Behind the Scenes""}","'amaz':4 'australia':19 'charact':5 'chase':15 'karat':2 'must':14 'robot':9,17 'student':12 'studi':6 'unbreak':1"
923,"Unfaithful Kill","A Taut Documentary of a Waitress And a Mad Scientist who must Battle a Technical Writer in New Orleans",2006,1,7,2.99,78,12.99,"R","2013-05-26 14:50:58.951","{Commentaries,""Deleted Scenes""}","'battl':15 'documentari':5 'kill':2 'mad':11 'must':14 'new':20 'orlean':21 'scientist':12 'taut':4 'technic':17 'unfaith':1 'waitress':8 'writer':18"
924,"Unforgiven Zoolander","A Taut Epistle of a Monkey And a Sumo Wrestler who must Vanquish a A Shark in A Baloon Factory",2006,1,7,0.99,129,15.99,"PG","2013-05-26 14:50:58.951","{Trailers,Commentaries,""Behind the Scenes""}","'baloon':21 'epistl':5 'factori':22 'monkey':8 'must':14 'shark':18 'sumo':11 'taut':4 'unforgiven':1 'vanquish':15 'wrestler':12 'zooland':2"
927,"Uprising Uptown","A Fanciful Reflection of a Boy And a Butler who must Pursue a Woman in Berlin",2006,1,6,2.99,174,16.99,"NC-17","2013-05-26 14:50:58.951","{Trailers,""Behind the Scenes""}","'berlin':18 'boy':8 'butler':11 'fanci':4 'must':13 'pursu':14 'reflect':5 'upris':1 'uptown':2 'woman':16"
928,"Uptown Young","A Fateful Documentary of a Dog And a Hunter who must Pursue a Teacher in An Abandoned Amusement Park",2006,1,5,2.99,84,16.99,"PG","2013-05-26 14:50:58.951","{Commentaries}","'abandon':19 'amus':20 'documentari':5 'dog':8 'fate':4 'hunter':11 'must':13 'park':21 'pursu':14 'teacher':16 'uptown':1 'young':2"
937,"Varsity Trip","A Action-Packed Character Study of a Astronaut And a Explorer who must Reach a Monkey in A MySQL Convention",2006,1,7,2.99,85,14.99,"NC-17","2013-05-26 14:50:58.951","{Commentaries,""Deleted Scenes""}","'action':5 'action-pack':4 'astronaut':11 'charact':7 'convent':23 'explor':14 'monkey':19 'must':16 'mysql':22 'pack':6 'reach':17 'studi':8 'trip':2 'varsiti':1"
938,"Velvet Terminator","A Lacklusture Tale of a Pastry Chef And a Technical Writer who must Confront a Crocodile in An Abandoned Amusement Park",2006,1,3,4.99,173,14.99,"R","2013-05-26 14:50:58.951","{""Behind the Scenes""}","'abandon':21 'amus':22 'chef':9 'confront':16 'crocodil':18 'lacklustur':4 'must':15 'park':23 'pastri':8 'tale':5 'technic':12 'termin':2 'velvet':1 'writer':13"
946,"Virtual Spoilers","A Fateful Tale of a Database Administrator And a Squirrel who must Discover a Student in Soviet Georgia",2006,1,3,4.99,144,14.99,"NC-17","2013-05-26 14:50:58.951","{Commentaries,""Deleted Scenes""}","'administr':9 'databas':8 'discov':15 'fate':4 'georgia':20 'must':14 'soviet':19 'spoiler':2 'squirrel':12 'student':17 'tale':5 'virtual':1"
947,"Vision Torque","A Thoughtful Documentary of a Dog And a Man who must Sink a Man in A Shark Tank",2006,1,5,0.99,59,16.99,"PG-13","2013-05-26 14:50:58.951","{Commentaries,""Deleted Scenes""}","'documentari':5 'dog':8 'man':11,16 'must':13 'shark':19 'sink':14 'tank':20 'thought':4 'torqu':2 'vision':1"
950,"Volume House","A Boring Tale of a Dog And a Woman who must Meet a Dentist in California",2006,1,7,4.99,132,12.99,"PG","2013-05-26 14:50:58.951","{Commentaries}","'bore':4 'california':18 'dentist':16 'dog':8 'hous':2 'meet':14 'must':13 'tale':5 'volum':1 'woman':11"
960,"Wars Pluto","A Taut Reflection of a Teacher And a Database Administrator who must Chase a Madman in The Sahara Desert",2006,1,5,2.99,128,15.99,"G","2013-05-26 14:50:58.951","{Commentaries,""Behind the Scenes""}","'administr':12 'chase':15 'databas':11 'desert':21 'madman':17 'must':14 'pluto':2 'reflect':5 'sahara':20 'taut':4 'teacher':8 'war':1"
963,"Watch Tracy","A Fast-Paced Yarn of a Dog And a Frisbee who must Conquer a Hunter in Nigeria",2006,1,5,0.99,78,12.99,"PG","2013-05-26 14:50:58.951","{Trailers,""Deleted Scenes"",""Behind the Scenes""}","'conquer':16 'dog':10 'fast':5 'fast-pac':4 'frisbe':13 'hunter':18 'must':15 'nigeria':20 'pace':6 'traci':2 'watch':1 'yarn':7"
966,"Wedding Apollo","A Action-Packed Tale of a Student And a Waitress who must Conquer a Lumberjack in An Abandoned Mine Shaft",2006,1,3,0.99,70,14.99,"PG","2013-05-26 14:50:58.951","{Trailers}","'abandon':21 'action':5 'action-pack':4 'apollo':2 'conquer':16 'lumberjack':18 'mine':22 'must':15 'pack':6 'shaft':23 'student':10 'tale':7 'waitress':13 'wed':1"
976,"Wind Phantom","A Touching Saga of a Madman And a Forensic Psychologist who must Build a Sumo Wrestler in An Abandoned Mine Shaft",2006,1,6,0.99,111,12.99,"R","2013-05-26 14:50:58.951","{Commentaries,""Deleted Scenes""}","'abandon':21 'build':15 'forens':11 'madman':8 'mine':22 'must':14 'phantom':2 'psychologist':12 'saga':5 'shaft':23 'sumo':17 'touch':4 'wind':1 'wrestler':18"
978,"Wisdom Worker","A Unbelieveable Saga of a Forensic Psychologist And a Student who must Face a Squirrel in The First Manned Space Station",2006,1,3,0.99,98,12.99,"R","2013-05-26 14:50:58.951","{""Deleted Scenes"",""Behind the Scenes""}","'face':15 'first':20 'forens':8 'man':21 'must':14 'psychologist':9 'saga':5 'space':22 'squirrel':17 'station':23 'student':12 'unbeliev':4 'wisdom':1 'worker':2"
980,"Wizard Coldblooded","A Lacklusture Display of a Robot And a Girl who must Defeat a Sumo Wrestler in A MySQL Convention",2006,1,4,4.99,75,12.99,"PG","2013-05-26 14:50:58.951","{Commentaries,""Deleted Scenes"",""Behind the Scenes""}","'coldblood':2 'convent':21 'defeat':14 'display':5 'girl':11 'lacklustur':4 'must':13 'mysql':20 'robot':8 'sumo':16 'wizard':1 'wrestler':17"
981,"Wolves Desire","A Fast-Paced Drama of a Squirrel And a Robot who must Succumb a Technical Writer in A Manhattan Penthouse",2006,1,7,0.99,55,13.99,"NC-17","2013-05-26 14:50:58.951","{""Behind the Scenes""}","'desir':2 'drama':7 'fast':5 'fast-pac':4 'manhattan':22 'must':15 'pace':6 'penthous':23 'robot':13 'squirrel':10 'succumb':16 'technic':18 'wolv':1 'writer':19"
987,"Words Hunter","A Action-Packed Reflection of a Composer And a Mad Scientist who must Face a Pioneer in A MySQL Convention",2006,1,3,2.99,116,13.99,"PG","2013-05-26 14:50:58.951","{Trailers,Commentaries,""Deleted Scenes""}","'action':5 'action-pack':4 'compos':10 'convent':23 'face':17 'hunter':2 'mad':13 'must':16 'mysql':22 'pack':6 'pioneer':19 'reflect':7 'scientist':14 'word':1"
990,"World Leathernecks","A Unbelieveable Tale of a Pioneer And a Astronaut who must Overcome a Robot in An Abandoned Amusement Park",2006,1,3,0.99,171,13.99,"PG-13","2013-05-26 14:50:58.951","{Trailers,""Behind the Scenes""}","'abandon':19 'amus':20 'astronaut':11 'leatherneck':2 'must':13 'overcom':14 'park':21 'pioneer':8 'robot':16 'tale':5 'unbeliev':4 'world':1"
997,"Youth Kick","A Touching Drama of a Teacher And a Cat who must Challenge a Technical Writer in A U-Boat",2006,1,4,0.99,179,14.99,"NC-17","2013-05-26 14:50:58.951","{Trailers,""Behind the Scenes""}","'boat':22 'cat':11 'challeng':14 'drama':5 'kick':2 'must':13 'teacher':8 'technic':16 'touch':4 'u':21 'u-boat':20 'writer':17 'youth':1"
